Total;Oír;Hablar;Ver;Caminar;Manos;Aprendizaje;Comervestirsebañarse;Relacionarse;cardíacosrespiratorios;SI;;;;;;;;;;;;;;;;;;;;;;;Hacer las tareas diarias sin mostrar problemas cardíacos, respiratorios
148803;12018;4043;47520;44710;6830;14718;1019;2177;15648;120;;;;;;;;;;;;;;;;;;;;;;;
2824;215;82;1003;1014;112;107;11;6;272;2;;;;;;;;;;;;;;;;;;;;;;;
361;54;12;126;87;35;26;5;0;16;0;;;;;;;;;;;;;;;;;;;;;;;
311;19;15;103;95;19;36;2;6;16;0;;;;;;;;;;;;;;;;;;;;;;;
2420;182;81;654;748;150;267;20;18;299;1;;;;;;;;;;;;;;;;;;;;;;;
1640;134;55;572;468;111;120;18;29;133;0;;;;;;;;;;;;;;;;;;;;;;;
4107;292;131;1240;1234;211;340;15;26;616;2;;;;;;;;;;;;;;;;;;;;;;;
1163;103;40;434;338;43;90;2;10;100;3;;;;;;;;;;;;;;;;;;;;;;;
1754;120;50;614;557;128;117;5;10;153;0;;;;;;;;;;;;;;;;;;;;;;;
1564;123;78;439;537;115;103;9;15;145;0;;;;;;;;;;;;;;;;;;;;;;;
1621;223;89;504;503;72;127;9;9;84;1;;;;;;;;;;;;;;;;;;;;;;;
718;61;20;340;179;36;47;1;4;29;1;;;;;;;;;;;;;;;;;;;;;;;
7833;682;308;3161;2003;327;558;40;48;698;8;;;;;;;;;;;;;;;;;;;;;;;
2298;216;128;1068;589;81;135;11;11;58;1;;;;;;;;;;;;;;;;;;;;;;;
588;47;21;144;243;27;32;4;4;66;0;;;;;;;;;;;;;;;;;;;;;;;
344;55;14;79;124;25;29;3;3;12;0;;;;;;;;;;;;;;;;;;;;;;;
3253;265;119;890;1094;152;245;32;43;413;0;;;;;;;;;;;;;;;;;;;;;;;
479;47;23;157;171;20;29;4;6;21;1;;;;;;;;;;;;;;;;;;;;;;;
30860;2367;824;10287;9069;1508;2637;235;454;3456;23;;;;;;;;;;;;;;;;;;;;;;;
819;66;19;201;275;35;78;18;7;120;0;;;;;;;;;;;;;;;;;;;;;;;
1484;139;78;474;441;101;97;10;14;130;0;;;;;;;;;;;;;;;;;;;;;;;
2729;273;102;1017;757;117;174;20;25;244;0;;;;;;;;;;;;;;;;;;;;;;;
1024;75;26;448;311;48;68;5;3;40;0;;;;;;;;;;;;;;;;;;;;;;;
345;44;19;88;126;13;32;1;2;20;0;;;;;;;;;;;;;;;;;;;;;;;
2422;191;116;1312;551;78;73;13;6;82;0;;;;;;;;;;;;;;;;;;;;;;;
972;72;34;334;338;54;70;2;4;64;0;;;;;;;;;;;;;;;;;;;;;;;
8854;572;185;3580;2556;440;472;34;93;921;1;;;;;;;;;;;;;;;;;;;;;;;
971;73;48;330;332;63;38;7;6;74;0;;;;;;;;;;;;;;;;;;;;;;;
950;90;50;327;268;29;59;10;10;107;0;;;;;;;;;;;;;;;;;;;;;;;
458;32;20;172;145;13;45;4;4;23;0;;;;;;;;;;;;;;;;;;;;;;;
476;68;15;182;126;18;25;2;5;34;1;;;;;;;;;;;;;;;;;;;;;;;
1883;143;101;693;491;85;219;18;9;122;2;;;;;;;;;;;;;;;;;;;;;;;
7181;492;137;3643;1618;219;465;17;48;541;1;;;;;;;;;;;;;;;;;;;;;;;
226;22;18;47;86;10;16;4;4;19;0;;;;;;;;;;;;;;;;;;;;;;;
4234;327;172;1528;1245;201;412;28;35;286;0;;;;;;;;;;;;;;;;;;;;;;;
3485;269;162;1192;876;197;308;19;27;434;1;;;;;;;;;;;;;;;;;;;;;;;
1033;100;27;322;329;47;54;12;11;131;0;;;;;;;;;;;;;;;;;;;;;;;
2423;162;64;734;761;94;203;12;38;355;0;;;;;;;;;;;;;;;;;;;;;;;
279;25;14;61;111;8;23;4;7;26;0;;;;;;;;;;;;;;;;;;;;;;;
1949;222;83;701;573;74;79;10;7;200;0;;;;;;;;;;;;;;;;;;;;;;;
11927;793;230;5491;2818;449;627;46;80;1383;10;;;;;;;;;;;;;;;;;;;;;;;
2506;274;83;1018;741;89;158;9;12;114;8;;;;;;;;;;;;;;;;;;;;;;;
580;50;34;165;182;28;62;10;9;40;0;;;;;;;;;;;;;;;;;;;;;;;
2014;151;53;580;779;80;132;5;8;224;2;;;;;;;;;;;;;;;;;;;;;;;
1019;107;82;323;274;50;82;14;7;77;3;;;;;;;;;;;;;;;;;;;;;;;
898;100;30;365;188;31;68;4;9;103;0;;;;;;;;;;;;;;;;;;;;;;;
12088;1073;266;4652;3273;381;1153;120;164;995;11;;;;;;;;;;;;;;;;;;;;;;;
1755;135;68;420;615;109;147;17;14;229;1;;;;;;;;;;;;;;;;;;;;;;;
1701;159;74;578;508;75;102;10;27;162;6;;;;;;;;;;;;;;;;;;;;;;;
317;30;28;123;75;8;29;6;1;17;0;;;;;;;;;;;;;;;;;;;;;;;
5659;322;130;2540;1512;211;499;17;50;370;8;;;;;;;;;;;;;;;;;;;;;;;
1284;156;41;551;327;59;85;1;7;54;3;;;;;;;;;;;;;;;;;;;;;;;
1493;111;51;635;352;53;114;3;10;164;0;;;;;;;;;;;;;;;;;;;;;;;
522;49;23;172;152;48;37;1;7;32;1;;;;;;;;;;;;;;;;;;;;;;;
2211;204;88;375;783;140;347;20;35;219;0;;;;;;;;;;;;;;;;;;;;;;;
339;19;14;72;115;23;44;9;5;37;1;;;;;;;;;;;;;;;;;;;;;;;
921;69;35;261;317;47;53;5;9;125;0;;;;;;;;;;;;;;;;;;;;;;;
770;68;34;327;199;25;69;25;3;20;0;;;;;;;;;;;;;;;;;;;;;;;
23781;2054;582;9284;6575;953;1795;92;227;2203;16;;;;;;;;;;;;;;;;;;;;;;;
1624;155;101;470;520;119;113;12;20;113;1;;;;;;;;;;;;;;;;;;;;;;;
1474;143;62;360;574;99;78;14;15;129;0;;;;;;;;;;;;;;;;;;;;;;;
1059;97;31;314;339;31;76;12;14;145;0;;;;;;;;;;;;;;;;;;;;;;;
2937;236;93;720;1010;160;330;35;63;289;1;;;;;;;;;;;;;;;;;;;;;;;
6211;457;141;2654;1658;258;410;36;89;507;1;;;;;;;;;;;;;;;;;;;;;;;
847;82;28;304;274;43;59;5;1;50;1;;;;;;;;;;;;;;;;;;;;;;;
2965;186;54;1174;829;106;219;9;29;358;1;;;;;;;;;;;;;;;;;;;;;;;
1371;148;34;531;430;41;62;6;2;116;1;;;;;;;;;;;;;;;;;;;;;;;
766;50;39;255;271;38;45;3;2;63;0;;;;;;;;;;;;;;;;;;;;;;;
4358;340;96;1081;1519;178;401;27;70;645;1;;;;;;;;;;;;;;;;;;;;;;;
1110;97;25;310;393;58;86;4;8;126;3;;;;;;;;;;;;;;;;;;;;;;;
315;21;33;173;46;9;11;0;1;3;18;;;;;;;;;;;;;;;;;;;;;;;
1084;98;60;431;275;50;73;10;14;73;0;;;;;;;;;;;;;;;;;;;;;;;
1032;79;55;270;405;57;76;11;6;73;0;;;;;;;;;;;;;;;;;;;;;;;
2549;234;117;1058;667;126;165;14;14;152;2;;;;;;;;;;;;;;;;;;;;;;;
1231;117;73;407;367;59;80;10;9;109;0;;;;;;;;;;;;;;;;;;;;;;;
268;36;17;77;97;8;19;3;0;10;1;;;;;;;;;;;;;;;;;;;;;;;
2195;115;48;569;759;107;170;8;28;391;0;;;;;;;;;;;;;;;;;;;;;;;
1148;123;27;344;358;61;76;11;6;141;1;;;;;;;;;;;;;;;;;;;;;;;
1342;85;49;446;472;48;62;5;9;166;0;;;;;;;;;;;;;;;;;;;;;;;
3057;215;112;1286;858;109;150;31;22;272;2;;;;;;;;;;;;;;;;;;;;;;;
1793;131;44;869;489;81;75;8;9;85;2;;;;;;;;;;;;;;;;;;;;;;;
1402;117;49;697;321;34;42;9;7;126;0;;;;;;;;;;;;;;;;;;;;;;;
1083;115;57;421;327;39;54;11;8;51;0;;;;;;;;;;;;;;;;;;;;;;;
952;97;40;200;335;56;118;8;16;82;0;;;;;;;;;;;;;;;;;;;;;;;
4284;421;170;883;1458;258;532;56;62;439;5;;;;;;;;;;;;;;;;;;;;;;;
720;69;39;192;281;34;55;6;6;37;1;;;;;;;;;;;;;;;;;;;;;;;
5043;498;124;1601;1626;279;420;42;66;384;3;;;;;;;;;;;;;;;;;;;;;;;
1840;141;60;722;519;98;149;6;9;135;1;;;;;;;;;;;;;;;;;;;;;;;
215;21;9;53;80;13;18;2;4;14;1;;;;;;;;;;;;;;;;;;;;;;;
1524;83;48;410;524;92;105;9;18;234;1;;;;;;;;;;;;;;;;;;;;;;;
704;57;16;278;220;27;45;3;3;55;0;;;;;;;;;;;;;;;;;;;;;;;
628;37;27;117;257;55;82;9;4;39;1;;;;;;;;;;;;;;;;;;;;;;;
145;14;11;55;38;4;14;1;3;5;0;;;;;;;;;;;;;;;;;;;;;;;
969;86;44;386;276;36;103;6;4;27;1;;;;;;;;;;;;;;;;;;;;;;;
529;66;30;160;188;13;32;5;4;31;0;;;;;;;;;;;;;;;;;;;;;;;
1284;114;36;536;371;49;97;4;9;66;2;;;;;;;;;;;;;;;;;;;;;;;
1641;156;116;674;431;54;119;10;16;65;0;;;;;;;;;;;;;;;;;;;;;;;
2067;212;74;681;691;90;105;9;13;192;0;;;;;;;;;;;;;;;;;;;;;;;
2816;230;72;1128;906;108;143;9;13;206;1;;;;;;;;;;;;;;;;;;;;;;;
1080;113;35;211;420;39;163;9;12;78;0;;;;;;;;;;;;;;;;;;;;;;;
1770;166;73;355;621;107;194;14;25;211;4;;;;;;;;;;;;;;;;;;;;;;;
1264;134;76;394;393;68;82;23;14;79;1;;;;;;;;;;;;;;;;;;;;;;;
1288;131;42;501;410;42;87;5;5;64;1;;;;;;;;;;;;;;;;;;;;;;;
1400;110;54;262;485;61;247;17;27;136;1;;;;;;;;;;;;;;;;;;;;;;;
2014;136;93;755;556;91;127;28;24;199;5;;;;;;;;;;;;;;;;;;;;;;;
4255;321;114;1435;1391;239;249;22;23;459;2;;;;;;;;;;;;;;;;;;;;;;;
823;55;31;231;325;52;64;5;7;53;0;;;;;;;;;;;;;;;;;;;;;;;
4014;279;88;1472;957;135;324;17;20;721;1;;;;;;;;;;;;;;;;;;;;;;;
1012;99;65;308;338;45;70;6;10;71;0;;;;;;;;;;;;;;;;;;;;;;;
840;84;30;361;238;22;65;2;7;31;0;;;;;;;;;;;;;;;;;;;;;;;
734;96;27;229;246;27;56;3;8;42;0;;;;;;;;;;;;;;;;;;;;;;;
971;96;34;305;274;71;82;2;4;103;0;;;;;;;;;;;;;;;;;;;;;;;
4301;381;231;1775;1104;199;301;51;35;223;1;;;;;;;;;;;;;;;;;;;;;;;
812;62;33;209;275;32;56;8;11;126;0;;;;;;;;;;;;;;;;;;;;;;;
4819;383;106;1840;1414;181;288;12;26;563;6;;;;;;;;;;;;;;;;;;;;;;;
731;63;32;186;246;42;52;7;7;95;1;;;;;;;;;;;;;;;;;;;;;;;
497;69;23;174;138;16;34;2;7;34;0;;;;;;;;;;;;;;;;;;;;;;;
1313;113;42;507;374;76;81;4;9;106;1;;;;;;;;;;;;;;;;;;;;;;;
1361;171;50;447;431;66;99;7;7;83;0;;;;;;;;;;;;;;;;;;;;;;;
857;58;68;435;163;36;46;2;4;26;19;;;;;;;;;;;;;;;;;;;;;;;
1009;96;39;422;312;31;33;5;4;67;0;;;;;;;;;;;;;;;;;;;;;;;
3367;259;119;1207;1017;140;187;21;24;393;0;;;;;;;;;;;;;;;;;;;;;;;
1917;226;87;692;575;76;126;11;24;100;0;;;;;;;;;;;;;;;;;;;;;;;
609;52;34;189;174;44;38;3;9;63;3;;;;;;;;;;;;;;;;;;;;;;;
807;81;56;266;219;48;74;8;5;50;0;;;;;;;;;;;;;;;;;;;;;;;
46074;3133;1762;19867;12059;1226;4373;425;643;2512;74;;;;;;;;;;;;;;;;;;;;;;;
4517;402;186;2161;1059;126;314;28;25;214;2;;;;;;;;;;;;;;;;;;;;;;;
572;63;59;183;154;19;37;5;8;44;0;;;;;;;;;;;;;;;;;;;;;;;
992;81;71;497;238;31;45;5;6;18;0;;;;;;;;;;;;;;;;;;;;;;;
1228;103;92;396;346;64;152;8;21;46;0;;;;;;;;;;;;;;;;;;;;;;;
920;71;76;339;229;34;98;7;14;51;1;;;;;;;;;;;;;;;;;;;;;;;
1682;107;72;695;427;55;100;13;12;200;1;;;;;;;;;;;;;;;;;;;;;;;
6295;367;222;3205;1240;155;450;39;70;533;14;;;;;;;;;;;;;;;;;;;;;;;
606;54;43;183;148;24;71;5;12;66;0;;;;;;;;;;;;;;;;;;;;;;;
412;37;31;67;148;18;76;10;4;21;0;;;;;;;;;;;;;;;;;;;;;;;
83;4;11;19;35;4;7;0;1;2;0;;;;;;;;;;;;;;;;;;;;;;;
1033;99;47;414;280;36;115;9;7;25;1;;;;;;;;;;;;;;;;;;;;;;;
1204;114;110;456;325;21;92;10;6;70;0;;;;;;;;;;;;;;;;;;;;;;;
994;93;69;258;345;27;111;16;18;56;1;;;;;;;;;;;;;;;;;;;;;;;
1964;166;66;1095;320;49;123;24;18;101;2;;;;;;;;;;;;;;;;;;;;;;;
1008;119;70;231;325;63;142;17;10;31;0;;;;;;;;;;;;;;;;;;;;;;;
4792;367;317;1685;1345;171;375;48;53;428;3;;;;;;;;;;;;;;;;;;;;;;;
911;45;58;498;152;21;61;7;8;59;2;;;;;;;;;;;;;;;;;;;;;;;
1667;131;46;803;396;32;176;13;12;57;1;;;;;;;;;;;;;;;;;;;;;;;
17988;1002;692;8190;4327;607;1599;179;220;1120;52;;;;;;;;;;;;;;;;;;;;;;;
773;54;51;283;210;33;86;6;10;40;0;;;;;;;;;;;;;;;;;;;;;;;
451;58;23;97;140;20;49;6;25;33;0;;;;;;;;;;;;;;;;;;;;;;;
352;46;37;79;123;3;34;7;13;10;0;;;;;;;;;;;;;;;;;;;;;;;
458088;42303;10880;167166;125425;22925;34646;3590;5202;45447;504;;;;;;;;;;;;;;;;;;;;;;;
22180;1484;1091;7955;5933;719;2873;234;354;1521;16;;;;;;;;;;;;;;;;;;;;;;;
697;51;37;213;226;30;62;9;7;55;7;;;;;;;;;;;;;;;;;;;;;;;
771;58;49;319;227;14;29;6;8;60;1;;;;;;;;;;;;;;;;;;;;;;;
569;36;46;237;149;22;42;6;4;27;0;;;;;;;;;;;;;;;;;;;;;;;
3232;204;166;1128;1028;102;357;31;16;197;3;;;;;;;;;;;;;;;;;;;;;;;
496;55;19;267;87;9;36;2;6;15;0;;;;;;;;;;;;;;;;;;;;;;;
629;62;46;213;186;24;52;8;4;34;0;;;;;;;;;;;;;;;;;;;;;;;
1441;107;69;553;401;38;139;6;9;119;0;;;;;;;;;;;;;;;;;;;;;;;
146;5;17;38;52;7;21;4;1;1;0;;;;;;;;;;;;;;;;;;;;;;;
983;52;92;347;279;37;67;58;6;45;0;;;;;;;;;;;;;;;;;;;;;;;
1451;110;76;499;433;44;91;3;5;190;0;;;;;;;;;;;;;;;;;;;;;;;
294;11;30;49;111;22;38;2;8;23;0;;;;;;;;;;;;;;;;;;;;;;;
4969;326;202;2578;1058;107;262;25;27;380;4;;;;;;;;;;;;;;;;;;;;;;;
1209;110;32;783;156;22;41;2;10;53;0;;;;;;;;;;;;;;;;;;;;;;;
1108;89;57;455;348;37;60;5;2;55;0;;;;;;;;;;;;;;;;;;;;;;;
1136;92;95;496;298;29;58;9;3;56;0;;;;;;;;;;;;;;;;;;;;;;;
7825;575;396;3025;2186;247;620;45;67;659;5;;;;;;;;;;;;;;;;;;;;;;;
2373;127;112;1050;528;89;183;14;10;258;2;;;;;;;;;;;;;;;;;;;;;;;
1235;69;49;423;473;48;76;12;10;74;1;;;;;;;;;;;;;;;;;;;;;;;
714;56;85;258;185;12;74;8;7;29;0;;;;;;;;;;;;;;;;;;;;;;;
956;77;46;374;294;62;35;11;7;50;0;;;;;;;;;;;;;;;;;;;;;;;
741;63;101;176;256;19;80;8;8;27;3;;;;;;;;;;;;;;;;;;;;;;;
759;55;45;281;226;47;50;11;13;31;0;;;;;;;;;;;;;;;;;;;;;;;
683;58;20;372;115;26;15;3;2;71;1;;;;;;;;;;;;;;;;;;;;;;;
2256;165;97;1118;624;58;57;9;7;120;1;;;;;;;;;;;;;;;;;;;;;;;
144;4;10;39;58;8;6;4;4;11;0;;;;;;;;;;;;;;;;;;;;;;;
418;30;36;152;105;14;37;3;5;36;0;;;;;;;;;;;;;;;;;;;;;;;
783;51;36;342;213;28;41;4;1;67;0;;;;;;;;;;;;;;;;;;;;;;;
1170;125;79;531;221;27;78;9;11;88;1;;;;;;;;;;;;;;;;;;;;;;;
910;67;66;408;239;27;33;8;10;52;0;;;;;;;;;;;;;;;;;;;;;;;
2921;280;100;1529;671;82;110;7;7;135;0;;;;;;;;;;;;;;;;;;;;;;;
599;63;27;271;162;27;16;7;1;25;0;;;;;;;;;;;;;;;;;;;;;;;
2141;151;119;915;562;57;177;9;19;132;0;;;;;;;;;;;;;;;;;;;;;;;
1052;49;38;542;285;25;47;6;12;48;0;;;;;;;;;;;;;;;;;;;;;;;
1325;73;72;496;404;88;85;10;9;86;2;;;;;;;;;;;;;;;;;;;;;;;
201;16;26;35;77;9;31;1;2;4;0;;;;;;;;;;;;;;;;;;;;;;;
836;39;35;255;265;52;110;4;9;66;1;;;;;;;;;;;;;;;;;;;;;;;
2133;166;75;762;619;134;115;11;16;235;0;;;;;;;;;;;;;;;;;;;;;;;
1073;85;67;412;320;49;72;8;6;51;3;;;;;;;;;;;;;;;;;;;;;;;
1006;112;46;536;199;31;41;6;9;25;1;;;;;;;;;;;;;;;;;;;;;;;
931;77;52;415;247;23;56;5;7;49;0;;;;;;;;;;;;;;;;;;;;;;;
1282;121;75;486;365;50;72;1;13;98;1;;;;;;;;;;;;;;;;;;;;;;;
7860;434;206;4126;1632;226;500;45;65;623;3;;;;;;;;;;;;;;;;;;;;;;;
640;101;43;252;147;17;55;4;4;17;0;;;;;;;;;;;;;;;;;;;;;;;
709;52;64;176;236;44;69;7;4;57;0;;;;;;;;;;;;;;;;;;;;;;;
1022;82;46;333;317;47;80;17;7;93;0;;;;;;;;;;;;;;;;;;;;;;;
11687;1034;318;4554;3135;445;780;95;132;1185;9;;;;;;;;;;;;;;;;;;;;;;;
387;54;16;136;125;6;17;3;1;29;0;;;;;;;;;;;;;;;;;;;;;;;
2277;215;59;971;598;90;52;9;10;273;0;;;;;;;;;;;;;;;;;;;;;;;
661;46;24;249;214;15;41;3;8;61;0;;;;;;;;;;;;;;;;;;;;;;;
1271;130;38;526;353;28;44;5;10;136;1;;;;;;;;;;;;;;;;;;;;;;;
287;20;9;75;116;6;19;0;2;40;0;;;;;;;;;;;;;;;;;;;;;;;
199;20;9;43;93;11;14;1;2;6;0;;;;;;;;;;;;;;;;;;;;;;;
1021;137;44;293;381;25;55;6;2;77;1;;;;;;;;;;;;;;;;;;;;;;;
524;41;14;154;172;21;36;7;6;73;0;;;;;;;;;;;;;;;;;;;;;;;
301;26;17;105;96;4;14;4;2;33;0;;;;;;;;;;;;;;;;;;;;;;;
609;71;28;226;182;12;42;7;8;33;0;;;;;;;;;;;;;;;;;;;;;;;
73;10;3;20;21;4;5;3;2;5;0;;;;;;;;;;;;;;;;;;;;;;;
491;34;11;120;185;33;44;3;3;58;0;;;;;;;;;;;;;;;;;;;;;;;
432;37;14;150;154;21;21;1;1;33;0;;;;;;;;;;;;;;;;;;;;;;;
497;71;11;142;170;23;22;4;5;49;0;;;;;;;;;;;;;;;;;;;;;;;
397;57;15;83;162;17;34;2;3;24;0;;;;;;;;;;;;;;;;;;;;;;;
3291;337;131;1011;1063;127;254;27;32;309;0;;;;;;;;;;;;;;;;;;;;;;;
760;92;29;183;254;43;50;3;6;100;0;;;;;;;;;;;;;;;;;;;;;;;
1084;149;21;337;320;71;46;5;14;121;0;;;;;;;;;;;;;;;;;;;;;;;
271;25;9;55;118;15;18;3;4;24;0;;;;;;;;;;;;;;;;;;;;;;;
398;45;12;180;84;9;24;1;1;42;0;;;;;;;;;;;;;;;;;;;;;;;
758;67;14;194;301;28;42;5;1;106;0;;;;;;;;;;;;;;;;;;;;;;;
1011;124;28;324;276;61;56;6;10;126;0;;;;;;;;;;;;;;;;;;;;;;;
76;16;12;9;20;4;7;1;4;3;0;;;;;;;;;;;;;;;;;;;;;;;
404;37;8;168;154;3;16;1;0;17;0;;;;;;;;;;;;;;;;;;;;;;;
583;56;15;129;221;32;22;1;2;105;0;;;;;;;;;;;;;;;;;;;;;;;
337;31;12;105;91;24;26;2;0;44;2;;;;;;;;;;;;;;;;;;;;;;;
436;24;20;136;146;24;19;10;4;53;0;;;;;;;;;;;;;;;;;;;;;;;
259;31;12;119;59;9;11;0;1;17;0;;;;;;;;;;;;;;;;;;;;;;;
174;17;7;38;65;5;19;9;4;10;0;;;;;;;;;;;;;;;;;;;;;;;
228;15;6;63;91;6;11;2;3;31;0;;;;;;;;;;;;;;;;;;;;;;;
8548;944;256;2811;2599;307;572;60;77;914;8;;;;;;;;;;;;;;;;;;;;;;;
422;62;13;136;124;12;18;4;4;49;0;;;;;;;;;;;;;;;;;;;;;;;
304;25;11;80;100;11;21;1;1;54;0;;;;;;;;;;;;;;;;;;;;;;;
820;102;28;287;282;21;25;5;4;65;1;;;;;;;;;;;;;;;;;;;;;;;
655;62;6;202;227;21;52;0;7;78;0;;;;;;;;;;;;;;;;;;;;;;;
734;54;7;282;225;38;36;4;1;87;0;;;;;;;;;;;;;;;;;;;;;;;
379;43;17;147;113;12;10;1;2;33;1;;;;;;;;;;;;;;;;;;;;;;;
1312;156;41;285;546;43;109;10;9;113;0;;;;;;;;;;;;;;;;;;;;;;;
99;22;4;24;27;2;11;1;3;5;0;;;;;;;;;;;;;;;;;;;;;;;
731;80;29;137;305;38;45;9;10;78;0;;;;;;;;;;;;;;;;;;;;;;;
682;71;13;175;268;22;45;3;3;82;0;;;;;;;;;;;;;;;;;;;;;;;
297;39;8;84;100;14;10;3;2;36;1;;;;;;;;;;;;;;;;;;;;;;;
187;28;4;67;46;11;14;2;1;14;0;;;;;;;;;;;;;;;;;;;;;;;
439;50;22;119;156;19;16;8;9;39;1;;;;;;;;;;;;;;;;;;;;;;;
394;43;14;122;126;12;12;3;4;58;0;;;;;;;;;;;;;;;;;;;;;;;
576;56;29;192;149;54;28;5;3;60;0;;;;;;;;;;;;;;;;;;;;;;;
587;57;13;147;250;21;29;3;4;63;0;;;;;;;;;;;;;;;;;;;;;;;
173;20;9;74;53;5;0;0;0;12;0;;;;;;;;;;;;;;;;;;;;;;;
313;60;6;126;77;6;10;3;3;21;1;;;;;;;;;;;;;;;;;;;;;;;
841;90;29;252;251;54;59;7;0;98;1;;;;;;;;;;;;;;;;;;;;;;;
411;41;10;105;162;8;26;3;1;55;0;;;;;;;;;;;;;;;;;;;;;;;
938;96;43;332;300;47;36;2;2;80;0;;;;;;;;;;;;;;;;;;;;;;;
1262;119;20;353;470;41;66;4;18;171;0;;;;;;;;;;;;;;;;;;;;;;;
857;77;23;329;248;28;19;4;4;125;0;;;;;;;;;;;;;;;;;;;;;;;
485;47;22;177;142;35;22;3;3;34;0;;;;;;;;;;;;;;;;;;;;;;;
1442;172;72;372;422;78;112;6;10;194;4;;;;;;;;;;;;;;;;;;;;;;;
328;50;10;110;105;4;13;2;3;31;0;;;;;;;;;;;;;;;;;;;;;;;
753;84;28;279;195;23;56;3;5;80;0;;;;;;;;;;;;;;;;;;;;;;;
1210;130;23;529;312;36;60;16;4;100;0;;;;;;;;;;;;;;;;;;;;;;;
669;47;14;186;247;25;48;4;1;97;0;;;;;;;;;;;;;;;;;;;;;;;
469;54;10;173;134;18;23;2;4;51;0;;;;;;;;;;;;;;;;;;;;;;;
468;50;18;134;156;23;34;4;12;37;0;;;;;;;;;;;;;;;;;;;;;;;
601;62;13;217;173;5;37;3;9;82;0;;;;;;;;;;;;;;;;;;;;;;;
655;57;17;243;216;28;30;3;3;58;0;;;;;;;;;;;;;;;;;;;;;;;
2384;214;73;644;866;110;183;7;30;254;3;;;;;;;;;;;;;;;;;;;;;;;
142;12;5;46;44;8;13;1;1;12;0;;;;;;;;;;;;;;;;;;;;;;;
89;20;8;13;35;5;4;0;2;2;0;;;;;;;;;;;;;;;;;;;;;;;
289;28;13;69;100;12;36;6;7;18;0;;;;;;;;;;;;;;;;;;;;;;;
274;54;6;132;53;6;8;0;3;12;0;;;;;;;;;;;;;;;;;;;;;;;
413;60;13;134;129;2;33;14;1;27;0;;;;;;;;;;;;;;;;;;;;;;;
1081;119;19;410;315;35;39;11;5;128;0;;;;;;;;;;;;;;;;;;;;;;;
173;15;6;70;55;9;4;0;1;12;1;;;;;;;;;;;;;;;;;;;;;;;
3239;301;150;1259;927;122;215;18;24;223;0;;;;;;;;;;;;;;;;;;;;;;;
83;6;3;21;32;6;9;1;1;4;0;;;;;;;;;;;;;;;;;;;;;;;
890;78;23;286;320;32;45;12;3;91;0;;;;;;;;;;;;;;;;;;;;;;;
350;36;14;80;150;12;22;0;0;36;0;;;;;;;;;;;;;;;;;;;;;;;
206;37;12;48;64;11;8;0;2;24;0;;;;;;;;;;;;;;;;;;;;;;;
835;107;36;169;304;33;67;10;13;96;0;;;;;;;;;;;;;;;;;;;;;;;
311;32;13;106;89;19;25;0;3;24;0;;;;;;;;;;;;;;;;;;;;;;;
735;59;33;174;291;37;53;14;10;64;0;;;;;;;;;;;;;;;;;;;;;;;
376;37;12;131;124;13;29;1;5;24;0;;;;;;;;;;;;;;;;;;;;;;;
354;50;18;73;126;17;34;5;4;27;0;;;;;;;;;;;;;;;;;;;;;;;
149;35;15;20;45;8;21;0;2;3;0;;;;;;;;;;;;;;;;;;;;;;;
513;96;34;135;175;12;14;4;2;41;0;;;;;;;;;;;;;;;;;;;;;;;
458;53;25;148;168;9;18;3;2;32;0;;;;;;;;;;;;;;;;;;;;;;;
331;39;18;144;63;9;26;2;1;29;0;;;;;;;;;;;;;;;;;;;;;;;
515;55;37;128;153;45;35;1;10;51;0;;;;;;;;;;;;;;;;;;;;;;;
492;39;17;176;151;16;19;3;3;68;0;;;;;;;;;;;;;;;;;;;;;;;
492;56;30;89;194;25;26;8;6;57;1;;;;;;;;;;;;;;;;;;;;;;;
322;26;19;87;129;8;9;2;3;39;0;;;;;;;;;;;;;;;;;;;;;;;
300;18;10;113;107;9;18;2;1;22;0;;;;;;;;;;;;;;;;;;;;;;;
197;19;2;78;58;7;9;3;1;20;0;;;;;;;;;;;;;;;;;;;;;;;
908;83;25;287;308;32;27;11;6;129;0;;;;;;;;;;;;;;;;;;;;;;;
978;124;27;318;312;43;65;3;3;82;1;;;;;;;;;;;;;;;;;;;;;;;
1102;112;38;355;314;66;69;9;11;128;0;;;;;;;;;;;;;;;;;;;;;;;
349;41;32;96;103;17;16;6;14;24;0;;;;;;;;;;;;;;;;;;;;;;;
7664;768;201;2863;2008;258;458;46;82;961;19;;;;;;;;;;;;;;;;;;;;;;;
720;83;13;194;278;15;40;2;8;87;0;;;;;;;;;;;;;;;;;;;;;;;
128;6;6;18;54;8;6;4;2;24;0;;;;;;;;;;;;;;;;;;;;;;;
601;46;30;181;229;24;31;7;8;45;0;;;;;;;;;;;;;;;;;;;;;;;
676;45;16;231;245;26;52;2;2;57;0;;;;;;;;;;;;;;;;;;;;;;;
394;39;12;139;112;10;14;2;1;65;0;;;;;;;;;;;;;;;;;;;;;;;
550;48;17;138;234;19;35;2;1;56;0;;;;;;;;;;;;;;;;;;;;;;;
560;63;22;174;198;20;20;4;1;58;0;;;;;;;;;;;;;;;;;;;;;;;
408;46;15;156;139;12;12;4;6;18;0;;;;;;;;;;;;;;;;;;;;;;;
591;37;15;136;250;31;34;2;3;82;1;;;;;;;;;;;;;;;;;;;;;;;
1267;94;37;388;408;31;58;5;8;238;0;;;;;;;;;;;;;;;;;;;;;;;
772;81;16;233;247;45;50;4;6;89;1;;;;;;;;;;;;;;;;;;;;;;;
429;55;15;106;142;14;28;6;1;62;0;;;;;;;;;;;;;;;;;;;;;;;
299;36;11;76;115;17;15;2;1;26;0;;;;;;;;;;;;;;;;;;;;;;;
621;33;9;167;237;30;35;10;17;83;0;;;;;;;;;;;;;;;;;;;;;;;
630;69;18;231;222;21;18;2;4;45;0;;;;;;;;;;;;;;;;;;;;;;;
739;51;18;341;187;45;23;3;2;69;0;;;;;;;;;;;;;;;;;;;;;;;
242;36;16;62;58;8;18;4;1;39;0;;;;;;;;;;;;;;;;;;;;;;;
319;22;9;134;98;14;16;0;0;26;0;;;;;;;;;;;;;;;;;;;;;;;
1144;101;28;387;397;44;75;7;1;104;0;;;;;;;;;;;;;;;;;;;;;;;
597;34;12;196;203;19;37;5;2;89;0;;;;;;;;;;;;;;;;;;;;;;;
99;10;8;41;34;4;0;0;0;2;0;;;;;;;;;;;;;;;;;;;;;;;
823;61;23;227;316;34;53;4;7;94;4;;;;;;;;;;;;;;;;;;;;;;;
1656;110;30;604;534;61;104;16;15;181;1;;;;;;;;;;;;;;;;;;;;;;;
352;31;19;92;144;8;13;4;2;39;0;;;;;;;;;;;;;;;;;;;;;;;
619;66;26;205;226;18;20;3;8;47;0;;;;;;;;;;;;;;;;;;;;;;;
35341;3656;775;12946;10164;1415;2531;200;349;3276;29;;;;;;;;;;;;;;;;;;;;;;;
2443;152;62;714;744;104;154;6;25;467;15;;;;;;;;;;;;;;;;;;;;;;;
3661;355;124;1196;1057;170;245;20;33;456;5;;;;;;;;;;;;;;;;;;;;;;;
862;143;31;309;221;28;49;11;4;66;0;;;;;;;;;;;;;;;;;;;;;;;
1147;105;28;451;307;45;60;3;9;139;0;;;;;;;;;;;;;;;;;;;;;;;
2989;283;88;817;971;179;246;29;27;346;3;;;;;;;;;;;;;;;;;;;;;;;
910;97;51;270;272;37;52;9;10;112;0;;;;;;;;;;;;;;;;;;;;;;;
3103;258;152;857;1003;128;372;27;43;259;4;;;;;;;;;;;;;;;;;;;;;;;
588;45;19;183;233;15;29;2;6;56;0;;;;;;;;;;;;;;;;;;;;;;;
2689;246;80;916;812;144;136;11;18;326;0;;;;;;;;;;;;;;;;;;;;;;;
755;79;19;279;220;28;29;3;5;93;0;;;;;;;;;;;;;;;;;;;;;;;
1509;170;63;565;433;74;83;9;11;93;8;;;;;;;;;;;;;;;;;;;;;;;
261;25;3;68;112;18;17;3;1;13;1;;;;;;;;;;;;;;;;;;;;;;;
1481;123;58;375;475;94;113;15;32;196;0;;;;;;;;;;;;;;;;;;;;;;;
747;48;40;270;226;38;50;3;6;64;2;;;;;;;;;;;;;;;;;;;;;;;
866;93;25;157;339;57;81;13;11;90;0;;;;;;;;;;;;;;;;;;;;;;;
794;97;42;249;252;37;57;5;8;47;0;;;;;;;;;;;;;;;;;;;;;;;
1765;160;61;554;570;85;139;4;17;174;1;;;;;;;;;;;;;;;;;;;;;;;
5375;670;199;1679;1794;263;264;27;47;430;2;;;;;;;;;;;;;;;;;;;;;;;
883;106;24;332;241;36;45;6;3;87;3;;;;;;;;;;;;;;;;;;;;;;;
1709;166;56;534;592;86;119;9;12;131;4;;;;;;;;;;;;;;;;;;;;;;;
2543;167;47;965;771;161;107;11;22;291;1;;;;;;;;;;;;;;;;;;;;;;;
494;65;15;116;171;26;38;0;1;62;0;;;;;;;;;;;;;;;;;;;;;;;
3737;290;103;1362;1242;195;197;16;26;306;0;;;;;;;;;;;;;;;;;;;;;;;
453;44;17;112;162;23;50;8;7;30;0;;;;;;;;;;;;;;;;;;;;;;;
3341;398;125;948;1093;155;375;23;37;185;2;;;;;;;;;;;;;;;;;;;;;;;
1288;150;36;403;396;53;117;7;3;123;0;;;;;;;;;;;;;;;;;;;;;;;
9277;804;402;3487;2637;407;662;76;88;694;20;;;;;;;;;;;;;;;;;;;;;;;
319;16;11;80;103;22;31;14;3;38;1;;;;;;;;;;;;;;;;;;;;;;;
528;44;21;172;158;36;44;3;7;42;1;;;;;;;;;;;;;;;;;;;;;;;
2017;180;153;811;459;123;84;10;11;115;71;;;;;;;;;;;;;;;;;;;;;;;
805;66;37;328;225;56;32;3;5;52;1;;;;;;;;;;;;;;;;;;;;;;;
2022;171;67;928;536;61;92;11;7;149;0;;;;;;;;;;;;;;;;;;;;;;;
1260;108;36;508;341;59;84;6;6;111;1;;;;;;;;;;;;;;;;;;;;;;;
933;111;38;387;247;49;38;0;2;61;0;;;;;;;;;;;;;;;;;;;;;;;
347;31;15;143;94;15;18;2;0;26;3;;;;;;;;;;;;;;;;;;;;;;;
480;35;12;271;111;9;24;0;4;14;0;;;;;;;;;;;;;;;;;;;;;;;
2824;281;161;1381;611;92;91;19;8;123;57;;;;;;;;;;;;;;;;;;;;;;;
1087;89;45;500;276;54;61;4;4;54;0;;;;;;;;;;;;;;;;;;;;;;;
2081;180;162;864;496;72;95;21;7;97;87;;;;;;;;;;;;;;;;;;;;;;;
550;41;72;227;120;43;21;4;5;13;4;;;;;;;;;;;;;;;;;;;;;;;
452;42;31;215;98;22;17;3;1;18;5;;;;;;;;;;;;;;;;;;;;;;;
399;26;14;198;93;15;26;2;3;16;6;;;;;;;;;;;;;;;;;;;;;;;
31178;3439;744;11763;8403;1605;1961;163;247;2834;19;;;;;;;;;;;;;;;;;;;;;;;
3276;414;107;1133;874;108;193;17;16;412;2;;;;;;;;;;;;;;;;;;;;;;;
2177;208;79;819;611;122;90;16;11;221;0;;;;;;;;;;;;;;;;;;;;;;;
2414;297;95;981;676;63;75;13;6;206;2;;;;;;;;;;;;;;;;;;;;;;;
4737;524;123;1913;1200;196;331;38;28;380;4;;;;;;;;;;;;;;;;;;;;;;;
2220;264;110;767;682;122;91;9;10;163;2;;;;;;;;;;;;;;;;;;;;;;;
3294;342;114;1138;867;230;205;17;20;360;1;;;;;;;;;;;;;;;;;;;;;;;
3889;618;183;1568;895;169;111;38;17;290;0;;;;;;;;;;;;;;;;;;;;;;;
2871;399;102;1174;699;149;158;22;14;153;1;;;;;;;;;;;;;;;;;;;;;;;
3165;372;97;1378;706;141;112;25;16;318;0;;;;;;;;;;;;;;;;;;;;;;;
5077;648;199;1801;1250;259;373;33;33;475;6;;;;;;;;;;;;;;;;;;;;;;;
974;144;46;463;200;23;46;2;5;45;0;;;;;;;;;;;;;;;;;;;;;;;
1386;158;63;547;331;62;136;7;14;67;1;;;;;;;;;;;;;;;;;;;;;;;
1213;141;76;469;330;34;52;25;6;43;37;;;;;;;;;;;;;;;;;;;;;;;
4022;571;165;1790;901;160;160;19;14;242;0;;;;;;;;;;;;;;;;;;;;;;;
1308;275;69;462;269;62;73;7;18;73;0;;;;;;;;;;;;;;;;;;;;;;;
2205;316;65;940;534;92;97;3;7;151;0;;;;;;;;;;;;;;;;;;;;;;;
3137;501;126;1286;711;123;159;17;13;199;2;;;;;;;;;;;;;;;;;;;;;;;
1214;117;110;505;269;41;42;2;4;59;65;;;;;;;;;;;;;;;;;;;;;;;
3029;399;113;1465;644;90;108;11;8;190;1;;;;;;;;;;;;;;;;;;;;;;;
2404;269;89;766;723;163;199;18;41;136;0;;;;;;;;;;;;;;;;;;;;;;;
3617;524;116;1438;935;174;133;17;19;258;3;;;;;;;;;;;;;;;;;;;;;;;
910;100;52;438;217;19;43;4;8;29;0;;;;;;;;;;;;;;;;;;;;;;;
2309;353;134;841;559;117;110;16;29;150;0;;;;;;;;;;;;;;;;;;;;;;;
3485;280;129;1146;1004;198;215;19;24;470;0;;;;;;;;;;;;;;;;;;;;;;;
367;41;21;131;100;27;27;0;2;18;0;;;;;;;;;;;;;;;;;;;;;;;
3170;405;119;1021;916;169;216;19;22;283;0;;;;;;;;;;;;;;;;;;;;;;;
2018;196;105;680;609;116;172;16;17;106;1;;;;;;;;;;;;;;;;;;;;;;;
1797;225;94;559;533;64;104;14;31;173;0;;;;;;;;;;;;;;;;;;;;;;;
1076;197;44;283;347;48;75;5;4;72;1;;;;;;;;;;;;;;;;;;;;;;;
1603;226;60;618;404;77;70;5;2;141;0;;;;;;;;;;;;;;;;;;;;;;;
6923;831;280;2271;2103;461;491;36;68;379;3;;;;;;;;;;;;;;;;;;;;;;;
1234;95;44;463;407;64;70;0;4;87;0;;;;;;;;;;;;;;;;;;;;;;;
3744;592;119;1608;860;160;131;22;40;211;1;;;;;;;;;;;;;;;;;;;;;;;
1093;164;51;352;276;48;79;9;34;80;0;;;;;;;;;;;;;;;;;;;;;;;
2306;284;85;987;596;122;81;11;5;135;0;;;;;;;;;;;;;;;;;;;;;;;
1102;118;25;377;304;48;64;1;7;158;0;;;;;;;;;;;;;;;;;;;;;;;
5935;702;165;2462;1431;243;370;36;27;498;1;;;;;;;;;;;;;;;;;;;;;;;
2121;186;182;863;488;62;105;28;18;98;91;;;;;;;;;;;;;;;;;;;;;;;
2932;522;116;1228;673;90;100;10;18;174;1;;;;;;;;;;;;;;;;;;;;;;;
1483;193;95;574;356;88;87;13;8;69;0;;;;;;;;;;;;;;;;;;;;;;;
773;66;29;193;264;56;74;6;14;71;0;;;;;;;;;;;;;;;;;;;;;;;
30896;2120;1240;14351;6647;1035;1802;239;258;2892;312;;;;;;;;;;;;;;;;;;;;;;;
8484;659;371;4098;1927;246;365;48;56;710;4;;;;;;;;;;;;;;;;;;;;;;;
3443;272;198;1296;892;175;220;29;20;335;6;;;;;;;;;;;;;;;;;;;;;;;
744;54;56;249;207;35;72;2;7;61;1;;;;;;;;;;;;;;;;;;;;;;;
1013;83;63;434;244;46;53;12;6;69;3;;;;;;;;;;;;;;;;;;;;;;;
1378;100;111;537;386;51;108;7;10;67;1;;;;;;;;;;;;;;;;;;;;;;;
1216;83;131;376;373;44;89;19;19;80;2;;;;;;;;;;;;;;;;;;;;;;;
1843;146;141;692;501;70;104;21;18;150;0;;;;;;;;;;;;;;;;;;;;;;;
2736;226;119;1130;658;102;144;13;17;325;2;;;;;;;;;;;;;;;;;;;;;;;
2083;202;121;958;535;67;77;22;11;89;1;;;;;;;;;;;;;;;;;;;;;;;
1866;124;140;681;509;111;82;7;9;203;0;;;;;;;;;;;;;;;;;;;;;;;
1890;175;92;948;409;50;109;8;7;92;0;;;;;;;;;;;;;;;;;;;;;;;
643;46;18;221;184;20;47;6;4;96;1;;;;;;;;;;;;;;;;;;;;;;;
1272;103;75;570;348;32;54;4;6;79;1;;;;;;;;;;;;;;;;;;;;;;;
969;71;73;403;219;50;72;4;8;69;0;;;;;;;;;;;;;;;;;;;;;;;
795;75;47;369;175;25;63;2;1;38;0;;;;;;;;;;;;;;;;;;;;;;;
1665;131;90;655;435;69;114;8;4;158;1;;;;;;;;;;;;;;;;;;;;;;;
1420;108;74;570;372;46;91;4;21;133;1;;;;;;;;;;;;;;;;;;;;;;;
1116;95;80;460;282;52;39;13;3;81;11;;;;;;;;;;;;;;;;;;;;;;;
2332;210;68;1277;421;66;110;7;8;165;0;;;;;;;;;;;;;;;;;;;;;;;
1497;120;88;554;404;42;102;11;11;163;2;;;;;;;;;;;;;;;;;;;;;;;
3569;176;90;2187;562;81;111;12;11;335;4;;;;;;;;;;;;;;;;;;;;;;;
965;72;47;551;190;30;42;9;3;21;0;;;;;;;;;;;;;;;;;;;;;;;
1632;107;94;844;334;60;74;12;14;93;0;;;;;;;;;;;;;;;;;;;;;;;
1212;86;70;528;359;35;59;9;11;54;1;;;;;;;;;;;;;;;;;;;;;;;
11647;1048;738;3308;3416;489;1307;146;162;1023;10;;;;;;;;;;;;;;;;;;;;;;;
1921;155;119;795;516;46;139;10;20;120;1;;;;;;;;;;;;;;;;;;;;;;;
832;105;75;315;225;31;33;5;5;38;0;;;;;;;;;;;;;;;;;;;;;;;
861;68;69;355;208;24;96;8;6;26;1;;;;;;;;;;;;;;;;;;;;;;;
4385;336;225;1344;1304;167;444;67;30;466;2;;;;;;;;;;;;;;;;;;;;;;;
695;68;45;268;188;17;35;6;6;62;0;;;;;;;;;;;;;;;;;;;;;;;
1978;164;110;770;408;54;133;20;19;296;4;;;;;;;;;;;;;;;;;;;;;;;
2478;222;127;976;663;75;171;28;32;180;4;;;;;;;;;;;;;;;;;;;;;;;
1923;146;53;1007;419;58;105;4;8;123;0;;;;;;;;;;;;;;;;;;;;;;;
1032;81;59;362;326;73;58;6;7;60;0;;;;;;;;;;;;;;;;;;;;;;;
3525;330;248;1187;983;139;307;45;49;234;3;;;;;;;;;;;;;;;;;;;;;;;
704;75;48;232;213;35;48;6;7;40;0;;;;;;;;;;;;;;;;;;;;;;;
1688;81;46;812;342;49;108;11;16;219;4;;;;;;;;;;;;;;;;;;;;;;;
3353;239;175;1521;777;114;211;28;33;254;1;;;;;;;;;;;;;;;;;;;;;;;
815;49;71;228;298;42;69;9;7;42;0;;;;;;;;;;;;;;;;;;;;;;;
2554;230;188;883;691;86;258;28;50;138;2;;;;;;;;;;;;;;;;;;;;;;;
977;98;72;295;274;43;120;17;13;45;0;;;;;;;;;;;;;;;;;;;;;;;
1111;93;90;435;291;45;96;6;11;44;0;;;;;;;;;;;;;;;;;;;;;;;
1360;181;93;478;378;67;71;12;13;63;4;;;;;;;;;;;;;;;;;;;;;;;
723;59;40;299;184;11;38;5;4;80;3;;;;;;;;;;;;;;;;;;;;;;;
7266;673;310;3465;1730;166;447;39;36;396;4;;;;;;;;;;;;;;;;;;;;;;;
1060;103;124;316;319;49;69;8;25;47;0;;;;;;;;;;;;;;;;;;;;;;;
1445;125;82;456;476;76;129;15;11;74;1;;;;;;;;;;;;;;;;;;;;;;;
2176;175;99;827;626;61;140;14;19;215;0;;;;;;;;;;;;;;;;;;;;;;;
694;55;59;193;220;37;77;8;13;30;2;;;;;;;;;;;;;;;;;;;;;;;
716;63;74;266;149;35;77;12;3;37;0;;;;;;;;;;;;;;;;;;;;;;;
3483;276;127;1502;942;121;221;39;21;234;0;;;;;;;;;;;;;;;;;;;;;;;
5324;489;263;2408;1340;187;248;36;32;318;3;;;;;;;;;;;;;;;;;;;;;;;
1833;208;95;818;365;71;92;37;10;136;1;;;;;;;;;;;;;;;;;;;;;;;
393;39;51;77;112;18;67;8;6;13;2;;;;;;;;;;;;;;;;;;;;;;;
953;91;27;295;342;35;69;11;9;69;5;;;;;;;;;;;;;;;;;;;;;;;
1031;143;47;423;242;44;40;4;2;86;0;;;;;;;;;;;;;;;;;;;;;;;
1241;137;41;340;471;65;76;10;10;90;1;;;;;;;;;;;;;;;;;;;;;;;
1804;213;65;693;505;59;91;8;4;163;3;;;;;;;;;;;;;;;;;;;;;;;
737;138;30;164;254;27;60;6;5;53;0;;;;;;;;;;;;;;;;;;;;;;;
328;37;13;150;98;14;3;0;0;13;0;;;;;;;;;;;;;;;;;;;;;;;
248;41;7;51;90;16;25;0;5;12;1;;;;;;;;;;;;;;;;;;;;;;;
598;65;18;139;185;57;82;2;6;43;1;;;;;;;;;;;;;;;;;;;;;;;
399;36;20;124;124;26;32;0;1;36;0;;;;;;;;;;;;;;;;;;;;;;;
1489;135;58;545;425;58;62;5;4;196;1;;;;;;;;;;;;;;;;;;;;;;;
4325;364;117;1469;1131;308;305;28;76;524;3;;;;;;;;;;;;;;;;;;;;;;;
278;52;27;65;70;17;21;5;2;19;0;;;;;;;;;;;;;;;;;;;;;;;
960;120;46;188;369;33;76;11;16;100;1;;;;;;;;;;;;;;;;;;;;;;;
1401;123;39;617;347;64;41;1;9;159;1;;;;;;;;;;;;;;;;;;;;;;;
1611;86;25;627;476;93;84;4;10;206;0;;;;;;;;;;;;;;;;;;;;;;;
7541;722;181;2674;2006;408;577;58;85;819;11;;;;;;;;;;;;;;;;;;;;;;;
1406;155;33;651;349;14;90;5;11;98;0;;;;;;;;;;;;;;;;;;;;;;;
1324;132;27;403;464;79;67;7;10;135;0;;;;;;;;;;;;;;;;;;;;;;;
2336;206;71;1096;490;90;123;7;17;234;2;;;;;;;;;;;;;;;;;;;;;;;
1566;232;80;389;522;50;123;7;9;154;0;;;;;;;;;;;;;;;;;;;;;;;
1864;238;72;639;488;85;138;9;20;174;1;;;;;;;;;;;;;;;;;;;;;;;
857;108;31;283;247;58;54;5;5;66;0;;;;;;;;;;;;;;;;;;;;;;;
4174;444;93;1836;1040;112;223;17;15;393;1;;;;;;;;;;;;;;;;;;;;;;;
135;28;5;26;45;5;21;1;1;3;0;;;;;;;;;;;;;;;;;;;;;;;
1034;34;26;597;167;52;55;4;6;92;1;;;;;;;;;;;;;;;;;;;;;;;
5221;538;191;1247;1737;388;506;49;74;489;2;;;;;;;;;;;;;;;;;;;;;;;
1725;171;50;518;556;50;129;11;4;235;1;;;;;;;;;;;;;;;;;;;;;;;
1034;87;39;343;333;41;49;1;5;136;0;;;;;;;;;;;;;;;;;;;;;;;
4212;356;115;1937;919;199;327;32;46;277;4;;;;;;;;;;;;;;;;;;;;;;;
724;44;31;221;261;25;28;1;3;109;1;;;;;;;;;;;;;;;;;;;;;;;
11076;1160;280;4100;2924;363;671;67;102;1402;7;;;;;;;;;;;;;;;;;;;;;;;
859;80;22;228;276;50;64;4;4;131;0;;;;;;;;;;;;;;;;;;;;;;;
1940;111;44;1064;409;87;76;8;8;131;2;;;;;;;;;;;;;;;;;;;;;;;
1492;158;34;494;570;39;102;9;7;78;1;;;;;;;;;;;;;;;;;;;;;;;
510;66;19;168;152;11;22;2;5;65;0;;;;;;;;;;;;;;;;;;;;;;;
4578;487;200;1115;1630;155;539;60;42;341;9;;;;;;;;;;;;;;;;;;;;;;;
608;71;21;236;150;23;52;5;5;42;3;;;;;;;;;;;;;;;;;;;;;;;
918;76;35;278;249;40;76;8;4;152;0;;;;;;;;;;;;;;;;;;;;;;;
1525;189;97;459;526;61;107;17;8;60;1;;;;;;;;;;;;;;;;;;;;;;;
800;114;31;188;273;36;79;8;5;66;0;;;;;;;;;;;;;;;;;;;;;;;
428;28;14;213;92;12;8;4;6;51;0;;;;;;;;;;;;;;;;;;;;;;;
1275;110;37;543;384;24;51;4;1;120;1;;;;;;;;;;;;;;;;;;;;;;;
706;88;16;260;200;31;61;2;3;45;0;;;;;;;;;;;;;;;;;;;;;;;
161;10;20;37;58;6;15;2;8;4;1;;;;;;;;;;;;;;;;;;;;;;;
533;64;22;178;168;25;41;0;1;34;0;;;;;;;;;;;;;;;;;;;;;;;
174;37;6;56;49;2;9;2;1;12;0;;;;;;;;;;;;;;;;;;;;;;;
909;92;17;201;384;54;49;7;5;100;0;;;;;;;;;;;;;;;;;;;;;;;
1420;160;47;300;518;71;149;20;11;143;1;;;;;;;;;;;;;;;;;;;;;;;
3894;421;84;1345;1169;144;164;13;33;520;1;;;;;;;;;;;;;;;;;;;;;;;
544;91;40;181;147;23;17;7;5;32;1;;;;;;;;;;;;;;;;;;;;;;;
719;91;25;205;254;44;26;5;6;63;0;;;;;;;;;;;;;;;;;;;;;;;
1246;172;57;477;369;42;44;11;7;66;1;;;;;;;;;;;;;;;;;;;;;;;
852;82;15;276;284;34;58;9;5;88;1;;;;;;;;;;;;;;;;;;;;;;;
1005;91;30;269;343;47;85;5;7;128;0;;;;;;;;;;;;;;;;;;;;;;;
4919;484;186;1434;1498;372;388;38;57;455;7;;;;;;;;;;;;;;;;;;;;;;;
546;74;18;170;185;13;26;4;2;54;0;;;;;;;;;;;;;;;;;;;;;;;
481;60;37;138;122;18;52;1;4;49;0;;;;;;;;;;;;;;;;;;;;;;;
5803;552;163;2207;1468;347;508;41;72;440;5;;;;;;;;;;;;;;;;;;;;;;;
99;8;11;20;42;2;10;2;1;3;0;;;;;;;;;;;;;;;;;;;;;;;
565;56;27;152;185;33;37;6;6;62;1;;;;;;;;;;;;;;;;;;;;;;;
472;74;17;155;141;12;33;6;2;31;1;;;;;;;;;;;;;;;;;;;;;;;
326;35;23;94;93;9;20;0;3;48;1;;;;;;;;;;;;;;;;;;;;;;;
915;91;28;379;295;30;27;1;4;60;0;;;;;;;;;;;;;;;;;;;;;;;
940;75;16;440;205;22;40;11;5;125;1;;;;;;;;;;;;;;;;;;;;;;;
3442;376;99;1011;1067;127;242;25;28;464;3;;;;;;;;;;;;;;;;;;;;;;;
709;74;36;239;232;26;35;2;3;62;0;;;;;;;;;;;;;;;;;;;;;;;
683;71;28;251;213;19;35;8;5;52;1;;;;;;;;;;;;;;;;;;;;;;;
591;49;23;244;178;9;25;4;4;55;0;;;;;;;;;;;;;;;;;;;;;;;
1353;156;28;592;364;51;76;4;6;76;0;;;;;;;;;;;;;;;;;;;;;;;
1978;191;68;884;504;45;87;5;10;183;1;;;;;;;;;;;;;;;;;;;;;;;
290;37;19;68;98;22;29;0;1;16;0;;;;;;;;;;;;;;;;;;;;;;;
451;71;15;144;140;29;16;1;1;34;0;;;;;;;;;;;;;;;;;;;;;;;
453;45;11;129;158;19;17;4;3;66;1;;;;;;;;;;;;;;;;;;;;;;;
1756;183;52;658;456;90;94;8;9;203;3;;;;;;;;;;;;;;;;;;;;;;;
556;63;24;137;220;31;37;3;6;35;0;;;;;;;;;;;;;;;;;;;;;;;
665;74;30;199;210;17;50;10;7;68;0;;;;;;;;;;;;;;;;;;;;;;;
897;103;18;293;302;36;47;5;3;88;2;;;;;;;;;;;;;;;;;;;;;;;
1610;152;42;697;453;28;60;1;4;172;1;;;;;;;;;;;;;;;;;;;;;;;
426;57;14;174;113;19;32;2;1;14;0;;;;;;;;;;;;;;;;;;;;;;;
886;73;28;381;235;20;38;7;6;95;3;;;;;;;;;;;;;;;;;;;;;;;
764;118;41;263;202;20;61;4;10;44;1;;;;;;;;;;;;;;;;;;;;;;;
1042;141;29;370;329;40;57;3;5;67;1;;;;;;;;;;;;;;;;;;;;;;;
1011;116;29;373;295;61;44;3;5;85;0;;;;;;;;;;;;;;;;;;;;;;;
2688;222;68;1147;640;125;164;16;29;253;24;;;;;;;;;;;;;;;;;;;;;;;
1992;210;61;536;724;95;134;19;12;201;0;;;;;;;;;;;;;;;;;;;;;;;
1653;126;50;619;435;65;81;8;12;255;2;;;;;;;;;;;;;;;;;;;;;;;
31419;3246;1120;10022;9025;1992;2537;233;393;2792;59;;;;;;;;;;;;;;;;;;;;;;;
2797;194;60;1176;767;158;102;22;19;294;5;;;;;;;;;;;;;;;;;;;;;;;
835;78;23;212;247;52;67;2;10;144;0;;;;;;;;;;;;;;;;;;;;;;;
656;82;28;173;198;38;40;10;6;81;0;;;;;;;;;;;;;;;;;;;;;;;
1062;104;27;495;261;36;39;2;4;94;0;;;;;;;;;;;;;;;;;;;;;;;
548;40;23;151;192;27;35;6;2;71;1;;;;;;;;;;;;;;;;;;;;;;;
510;47;18;185;131;26;26;2;4;70;1;;;;;;;;;;;;;;;;;;;;;;;
1104;113;26;223;384;86;91;6;10;164;1;;;;;;;;;;;;;;;;;;;;;;;
465;59;19;231;108;11;19;0;1;16;1;;;;;;;;;;;;;;;;;;;;;;;
1212;119;21;416;415;46;46;1;6;142;0;;;;;;;;;;;;;;;;;;;;;;;
714;104;37;172;232;46;63;4;5;51;0;;;;;;;;;;;;;;;;;;;;;;;
835;117;25;344;201;27;25;0;2;94;0;;;;;;;;;;;;;;;;;;;;;;;
306;23;10;77;119;8;32;4;1;32;0;;;;;;;;;;;;;;;;;;;;;;;
2130;254;83;717;651;48;112;8;15;242;0;;;;;;;;;;;;;;;;;;;;;;;
1984;202;64;743;536;152;138;6;20;123;0;;;;;;;;;;;;;;;;;;;;;;;
570;73;34;179;209;18;32;0;0;25;0;;;;;;;;;;;;;;;;;;;;;;;
709;106;55;171;226;16;71;7;6;49;2;;;;;;;;;;;;;;;;;;;;;;;
1161;155;50;376;363;39;44;5;4;125;0;;;;;;;;;;;;;;;;;;;;;;;
2169;142;71;718;572;140;152;17;24;333;0;;;;;;;;;;;;;;;;;;;;;;;
2027;140;41;878;491;85;87;2;8;295;0;;;;;;;;;;;;;;;;;;;;;;;
309;40;17;72;120;15;35;2;0;8;0;;;;;;;;;;;;;;;;;;;;;;;
1293;124;36;379;579;54;30;2;4;85;0;;;;;;;;;;;;;;;;;;;;;;;
394;49;25;90;142;15;34;2;6;31;0;;;;;;;;;;;;;;;;;;;;;;;
406;49;9;115;140;22;16;1;1;53;0;;;;;;;;;;;;;;;;;;;;;;;
3362;203;74;1448;858;146;173;11;10;438;1;;;;;;;;;;;;;;;;;;;;;;;
1739;161;71;504;587;85;93;12;9;217;0;;;;;;;;;;;;;;;;;;;;;;;
3036;285;76;1359;871;100;102;4;9;228;2;;;;;;;;;;;;;;;;;;;;;;;
632;72;27;216;197;23;37;4;9;47;0;;;;;;;;;;;;;;;;;;;;;;;
897;107;26;409;195;30;38;5;3;84;0;;;;;;;;;;;;;;;;;;;;;;;
11279;1079;264;5074;2618;528;702;49;79;872;14;;;;;;;;;;;;;;;;;;;;;;;
5449;477;368;2011;1491;213;330;65;57;228;209;;;;;;;;;;;;;;;;;;;;;;;
524;50;45;206;140;19;20;10;3;20;11;;;;;;;;;;;;;;;;;;;;;;;
1030;26;38;246;42;10;8;1;2;6;651;;;;;;;;;;;;;;;;;;;;;;;
456;39;29;158;135;24;27;2;4;38;0;;;;;;;;;;;;;;;;;;;;;;;
1549;60;43;228;150;29;12;1;0;23;1003;;;;;;;;;;;;;;;;;;;;;;;
364;36;23;148;80;22;26;4;3;22;0;;;;;;;;;;;;;;;;;;;;;;;
631;61;39;250;184;26;26;4;3;7;31;;;;;;;;;;;;;;;;;;;;;;;
722;67;28;134;147;15;28;7;2;19;275;;;;;;;;;;;;;;;;;;;;;;;
410;26;31;222;87;11;22;3;0;4;4;;;;;;;;;;;;;;;;;;;;;;;
399;55;44;146;93;14;18;2;3;10;14;;;;;;;;;;;;;;;;;;;;;;;
258;20;34;107;62;7;6;1;2;8;11;;;;;;;;;;;;;;;;;;;;;;;
1010;58;77;454;280;26;48;9;5;42;11;;;;;;;;;;;;;;;;;;;;;;;
809;69;41;310;196;33;38;7;8;87;20;;;;;;;;;;;;;;;;;;;;;;;
1422;101;239;699;147;33;53;5;6;58;81;;;;;;;;;;;;;;;;;;;;;;;
1031;88;121;366;255;39;86;14;9;32;21;;;;;;;;;;;;;;;;;;;;;;;
268;43;31;107;46;8;14;2;5;1;11;;;;;;;;;;;;;;;;;;;;;;;
286;16;31;116;69;9;18;2;1;10;14;;;;;;;;;;;;;;;;;;;;;;;
656;33;38;111;120;11;19;1;3;12;308;;;;;;;;;;;;;;;;;;;;;;;
674;52;61;166;213;18;18;6;4;6;130;;;;;;;;;;;;;;;;;;;;;;;
1021;71;70;458;215;32;49;9;5;33;79;;;;;;;;;;;;;;;;;;;;;;;
605;36;26;245;137;26;41;10;4;32;48;;;;;;;;;;;;;;;;;;;;;;;
110;11;15;38;23;6;0;1;0;11;5;;;;;;;;;;;;;;;;;;;;;;;
241;15;24;76;74;10;23;2;4;13;0;;;;;;;;;;;;;;;;;;;;;;;
385;56;28;103;75;13;30;2;0;13;65;;;;;;;;;;;;;;;;;;;;;;;
1133;111;95;387;300;67;53;8;3;69;40;;;;;;;;;;;;;;;;;;;;;;;
273;32;13;94;46;21;12;0;2;18;35;;;;;;;;;;;;;;;;;;;;;;;
352;21;31;95;175;4;7;5;1;7;6;;;;;;;;;;;;;;;;;;;;;;;
1337;98;79;495;278;56;73;17;21;119;101;;;;;;;;;;;;;;;;;;;;;;;
1005;82;70;539;164;29;49;5;3;45;19;;;;;;;;;;;;;;;;;;;;;;;
789;73;65;355;187;34;37;8;3;26;1;;;;;;;;;;;;;;;;;;;;;;;
24835;2324;903;10090;7139;776;1803;141;185;1450;24;;;;;;;;;;;;;;;;;;;;;;;
1963;182;58;750;608;83;81;6;8;187;0;;;;;;;;;;;;;;;;;;;;;;;
1580;132;81;657;406;68;105;5;5;120;1;;;;;;;;;;;;;;;;;;;;;;;
1299;138;89;432;385;59;124;12;5;55;0;;;;;;;;;;;;;;;;;;;;;;;
1982;207;83;640;610;87;125;10;13;206;1;;;;;;;;;;;;;;;;;;;;;;;
529;70;10;247;136;19;21;3;1;21;1;;;;;;;;;;;;;;;;;;;;;;;
288;29;18;67;106;11;40;4;1;12;0;;;;;;;;;;;;;;;;;;;;;;;
4357;270;141;1842;1251;147;200;16;26;463;1;;;;;;;;;;;;;;;;;;;;;;;
857;101;32;280;300;38;47;1;5;52;1;;;;;;;;;;;;;;;;;;;;;;;
332;48;7;117;103;14;24;5;2;12;0;;;;;;;;;;;;;;;;;;;;;;;
6080;514;246;2338;1692;241;377;34;33;599;6;;;;;;;;;;;;;;;;;;;;;;;
2512;260;80;872;749;126;179;15;15;216;0;;;;;;;;;;;;;;;;;;;;;;;
1295;146;59;462;406;55;56;15;18;78;0;;;;;;;;;;;;;;;;;;;;;;;
598;72;34;181;194;25;34;3;4;51;0;;;;;;;;;;;;;;;;;;;;;;;
757;89;37;255;193;43;47;1;5;84;3;;;;;;;;;;;;;;;;;;;;;;;
3906;415;151;1479;1084;182;244;20;21;308;2;;;;;;;;;;;;;;;;;;;;;;;
647;72;45;202;159;35;68;10;6;50;0;;;;;;;;;;;;;;;;;;;;;;;
5697;631;218;1927;1715;248;300;20;25;610;3;;;;;;;;;;;;;;;;;;;;;;;
720;91;28;308;168;32;52;3;4;33;1;;;;;;;;;;;;;;;;;;;;;;;
1474;116;55;623;446;55;50;11;6;110;2;;;;;;;;;;;;;;;;;;;;;;;
832;103;21;320;242;21;63;7;3;47;5;;;;;;;;;;;;;;;;;;;;;;;
3241;296;83;1589;803;104;139;16;13;198;0;;;;;;;;;;;;;;;;;;;;;;;
1919;166;53;792;498;67;67;6;5;264;1;;;;;;;;;;;;;;;;;;;;;;;
1078;114;46;423;303;45;57;2;11;72;5;;;;;;;;;;;;;;;;;;;;;;;
8795;931;331;3394;2493;371;452;59;70;692;2;;;;;;;;;;;;;;;;;;;;;;;
1660;197;70;524;533;77;138;8;14;99;0;;;;;;;;;;;;;;;;;;;;;;;
1649;131;62;628;481;54;82;44;7;158;2;;;;;;;;;;;;;;;;;;;;;;;
4495;497;133;1880;1080;176;214;16;21;475;3;;;;;;;;;;;;;;;;;;;;;;;
1645;156;53;713;412;56;67;3;14;171;0;;;;;;;;;;;;;;;;;;;;;;;
1208;111;65;425;337;53;58;6;5;148;0;;;;;;;;;;;;;;;;;;;;;;;
1387;164;75;516;399;67;67;10;5;83;1;;;;;;;;;;;;;;;;;;;;;;;
1763;163;43;846;421;52;80;8;7;143;0;;;;;;;;;;;;;;;;;;;;;;;
677;108;49;189;230;25;34;10;1;31;0;;;;;;;;;;;;;;;;;;;;;;;
473;62;30;154;131;15;39;3;5;34;0;;;;;;;;;;;;;;;;;;;;;;;
3111;280;98;1154;895;138;173;8;5;357;3;;;;;;;;;;;;;;;;;;;;;;;
967;133;30;308;320;34;57;6;1;78;0;;;;;;;;;;;;;;;;;;;;;;;
483;43;25;164;145;20;27;6;2;51;0;;;;;;;;;;;;;;;;;;;;;;;
5775;570;345;2131;1472;244;440;74;61;417;21;;;;;;;;;;;;;;;;;;;;;;;
894;69;52;385;229;30;33;6;1;87;2;;;;;;;;;;;;;;;;;;;;;;;
839;80;72;275;206;43;54;5;5;99;0;;;;;;;;;;;;;;;;;;;;;;;
2043;135;95;809;523;39;69;9;8;250;106;;;;;;;;;;;;;;;;;;;;;;;
536;74;47;178;123;16;41;8;4;44;1;;;;;;;;;;;;;;;;;;;;;;;
622;44;22;227;148;18;27;7;2;127;0;;;;;;;;;;;;;;;;;;;;;;;
1454;143;109;461;402;67;147;18;9;97;1;;;;;;;;;;;;;;;;;;;;;;;
559;61;49;243;116;22;30;2;11;25;0;;;;;;;;;;;;;;;;;;;;;;;
308;29;17;130;66;10;20;1;1;33;1;;;;;;;;;;;;;;;;;;;;;;;
4372;335;358;1677;1050;145;292;59;52;390;14;;;;;;;;;;;;;;;;;;;;;;;
694;83;104;247;123;31;35;16;9;46;0;;;;;;;;;;;;;;;;;;;;;;;
3954;400;163;1609;1002;117;275;37;21;329;1;;;;;;;;;;;;;;;;;;;;;;;
1727;378;120;482;232;61;239;79;34;83;19;;;;;;;;;;;;;;;;;;;;;;;
511;54;35;199;140;19;35;3;8;18;0;;;;;;;;;;;;;;;;;;;;;;;
1131;99;55;418;301;35;113;7;12;89;2;;;;;;;;;;;;;;;;;;;;;;;
19983;1535;950;7048;5944;848;1631;169;249;1466;143;;;;;;;;;;;;;;;;;;;;;;;
893;57;62;342;280;49;46;4;4;49;0;;;;;;;;;;;;;;;;;;;;;;;
994;80;73;253;327;64;96;15;16;68;2;;;;;;;;;;;;;;;;;;;;;;;
538;57;46;166;134;21;69;8;10;23;4;;;;;;;;;;;;;;;;;;;;;;;
453;58;25;197;99;14;24;1;6;29;0;;;;;;;;;;;;;;;;;;;;;;;
327;36;29;118;68;9;14;9;3;41;0;;;;;;;;;;;;;;;;;;;;;;;
5255;325;269;1472;1675;267;562;55;71;552;7;;;;;;;;;;;;;;;;;;;;;;;
372;34;36;119;98;9;42;7;8;18;1;;;;;;;;;;;;;;;;;;;;;;;
7024;390;299;3201;1742;263;355;30;51;690;3;;;;;;;;;;;;;;;;;;;;;;;
1156;63;57;528;295;42;90;11;3;67;0;;;;;;;;;;;;;;;;;;;;;;;
537;29;41;133;176;24;50;16;8;60;0;;;;;;;;;;;;;;;;;;;;;;;
2267;175;148;720;619;117;254;26;39;163;6;;;;;;;;;;;;;;;;;;;;;;;
1451;92;71;523;436;29;141;22;13;124;0;;;;;;;;;;;;;;;;;;;;;;;
253;15;36;94;58;10;14;1;9;16;0;;;;;;;;;;;;;;;;;;;;;;;
40;1;5;7;17;2;3;1;2;2;0;;;;;;;;;;;;;;;;;;;;;;;
737;57;31;318;170;24;55;9;10;63;0;;;;;;;;;;;;;;;;;;;;;;;
3045;242;171;1402;746;86;184;24;14;175;1;;;;;;;;;;;;;;;;;;;;;;;
1519;122;115;450;490;76;144;10;19;91;2;;;;;;;;;;;;;;;;;;;;;;;
1199;100;101;395;328;56;93;11;19;96;0;;;;;;;;;;;;;;;;;;;;;;;
98;4;14;33;33;3;9;1;0;1;0;;;;;;;;;;;;;;;;;;;;;;;
212;23;31;55;62;12;18;3;4;4;0;;;;;;;;;;;;;;;;;;;;;;;
995;95;40;399;273;34;65;3;5;81;0;;;;;;;;;;;;;;;;;;;;;;;
768;50;70;251;259;25;68;5;9;31;0;;;;;;;;;;;;;;;;;;;;;;;
605;47;31;228;150;21;49;4;3;72;0;;;;;;;;;;;;;;;;;;;;;;;
861;56;68;301;280;32;56;4;7;57;0;;;;;;;;;;;;;;;;;;;;;;;
521;57;52;164;144;33;36;3;5;27;0;;;;;;;;;;;;;;;;;;;;;;;
1091;75;80;546;222;32;43;10;13;70;0;;;;;;;;;;;;;;;;;;;;;;;
855;101;47;312;232;29;54;6;8;66;0;;;;;;;;;;;;;;;;;;;;;;;
717;71;39;371;139;18;21;3;6;48;1;;;;;;;;;;;;;;;;;;;;;;;
2405;173;188;934;636;97;164;23;24;166;0;;;;;;;;;;;;;;;;;;;;;;;
19530;2031;905;5874;6157;930;1740;208;259;1395;31;;;;;;;;;;;;;;;;;;;;;;;
4370;392;192;1433;1357;217;335;44;31;366;3;;;;;;;;;;;;;;;;;;;;;;;
288;32;22;117;74;9;19;1;2;12;0;;;;;;;;;;;;;;;;;;;;;;;
384;38;15;199;84;11;23;2;3;9;0;;;;;;;;;;;;;;;;;;;;;;;
745;72;27;298;199;39;53;6;9;42;0;;;;;;;;;;;;;;;;;;;;;;;
658;63;26;267;193;40;29;2;3;35;0;;;;;;;;;;;;;;;;;;;;;;;
1276;134;71;474;391;38;83;17;8;60;0;;;;;;;;;;;;;;;;;;;;;;;
227;27;8;70;66;9;11;1;2;33;0;;;;;;;;;;;;;;;;;;;;;;;
454;35;31;121;163;24;47;2;9;22;0;;;;;;;;;;;;;;;;;;;;;;;
322;54;12;116;81;19;30;0;1;9;0;;;;;;;;;;;;;;;;;;;;;;;
1105;72;30;435;248;40;49;6;9;216;0;;;;;;;;;;;;;;;;;;;;;;;
2803;283;181;908;905;103;216;26;28;149;4;;;;;;;;;;;;;;;;;;;;;;;
1122;108;30;406;327;57;82;9;9;94;0;;;;;;;;;;;;;;;;;;;;;;;
198;28;10;81;50;8;5;0;0;11;5;;;;;;;;;;;;;;;;;;;;;;;
827;72;38;327;223;43;48;2;2;69;3;;;;;;;;;;;;;;;;;;;;;;;
1470;136;97;671;296;64;49;17;9;109;22;;;;;;;;;;;;;;;;;;;;;;;
399;29;37;123;119;37;18;2;2;31;1;;;;;;;;;;;;;;;;;;;;;;;
955;98;24;412;245;39;38;13;6;78;2;;;;;;;;;;;;;;;;;;;;;;;
421;34;16;100;134;36;29;7;4;61;0;;;;;;;;;;;;;;;;;;;;;;;
1701;184;87;904;278;62;48;8;10;119;1;;;;;;;;;;;;;;;;;;;;;;;
1303;156;69;471;354;45;93;6;14;94;1;;;;;;;;;;;;;;;;;;;;;;;
520;38;15;155;176;20;42;10;9;55;0;;;;;;;;;;;;;;;;;;;;;;;
1342;89;41;609;329;72;39;3;5;154;1;;;;;;;;;;;;;;;;;;;;;;;
1154;109;53;428;320;57;90;11;11;75;0;;;;;;;;;;;;;;;;;;;;;;;
616;56;41;255;157;26;33;6;12;30;0;;;;;;;;;;;;;;;;;;;;;;;
831;107;30;371;194;47;40;2;3;37;0;;;;;;;;;;;;;;;;;;;;;;;
169;24;4;63;52;5;7;2;0;12;0;;;;;;;;;;;;;;;;;;;;;;;
935;104;50;243;311;52;96;10;9;60;0;;;;;;;;;;;;;;;;;;;;;;;
1884;170;39;881;492;73;81;7;9;131;1;;;;;;;;;;;;;;;;;;;;;;;
37738;4368;833;13849;11142;1962;2542;211;287;2513;31;;;;;;;;;;;;;;;;;;;;;;;
2134;214;82;704;668;91;83;6;20;265;1;;;;;;;;;;;;;;;;;;;;;;;
1216;131;27;406;433;74;51;6;4;83;1;;;;;;;;;;;;;;;;;;;;;;;
838;159;38;244;235;36;77;4;11;34;0;;;;;;;;;;;;;;;;;;;;;;;
1180;204;43;429;302;54;68;6;11;63;0;;;;;;;;;;;;;;;;;;;;;;;
2941;212;236;1376;601;75;116;19;20;146;140;;;;;;;;;;;;;;;;;;;;;;;
1469;185;28;673;435;33;47;2;4;62;0;;;;;;;;;;;;;;;;;;;;;;;
2898;382;119;1107;775;139;143;7;30;195;1;;;;;;;;;;;;;;;;;;;;;;;
920;145;68;303;172;39;56;5;7;125;0;;;;;;;;;;;;;;;;;;;;;;;
1666;269;57;555;479;77;130;9;5;85;0;;;;;;;;;;;;;;;;;;;;;;;
1298;170;39;424;472;59;59;5;6;64;0;;;;;;;;;;;;;;;;;;;;;;;
1624;258;54;474;512;85;74;24;7;136;0;;;;;;;;;;;;;;;;;;;;;;;
923;156;22;285;299;38;48;8;3;64;0;;;;;;;;;;;;;;;;;;;;;;;
2667;360;92;908;906;105;109;11;18;158;0;;;;;;;;;;;;;;;;;;;;;;;
554;63;15;162;204;28;30;0;5;47;0;;;;;;;;;;;;;;;;;;;;;;;
1738;278;57;769;347;61;64;5;15;142;0;;;;;;;;;;;;;;;;;;;;;;;
1758;128;125;571;392;61;142;15;4;85;235;;;;;;;;;;;;;;;;;;;;;;;
1094;155;39;392;318;26;70;9;6;78;1;;;;;;;;;;;;;;;;;;;;;;;
1243;153;27;491;320;52;81;8;11;99;1;;;;;;;;;;;;;;;;;;;;;;;
3912;383;77;1507;1130;129;164;4;17;497;4;;;;;;;;;;;;;;;;;;;;;;;
1489;194;35;411;462;98;79;10;18;182;0;;;;;;;;;;;;;;;;;;;;;;;
1259;203;49;426;394;49;61;4;10;63;0;;;;;;;;;;;;;;;;;;;;;;;
1449;211;42;524;478;55;43;13;11;72;0;;;;;;;;;;;;;;;;;;;;;;;
2263;285;58;844;680;77;79;6;6;228;0;;;;;;;;;;;;;;;;;;;;;;;
1230;142;23;455;388;57;75;7;6;77;0;;;;;;;;;;;;;;;;;;;;;;;
861;113;21;274;289;50;37;5;7;65;0;;;;;;;;;;;;;;;;;;;;;;;
1127;141;22;337;363;58;28;4;11;163;0;;;;;;;;;;;;;;;;;;;;;;;
8661;1430;300;3121;2577;289;390;54;64;429;7;;;;;;;;;;;;;;;;;;;;;;;
1707;130;109;355;523;50;122;12;19;387;0;;;;;;;;;;;;;;;;;;;;;;;
2269;282;57;873;697;111;88;6;9;146;0;;;;;;;;;;;;;;;;;;;;;;;
838;79;16;355;226;32;56;3;4;62;5;;;;;;;;;;;;;;;;;;;;;;;
542;54;65;294;77;11;25;1;1;11;3;;;;;;;;;;;;;;;;;;;;;;;
3871;497;151;1171;1105;174;286;19;49;419;0;;;;;;;;;;;;;;;;;;;;;;;
711;107;25;285;137;36;51;11;4;55;0;;;;;;;;;;;;;;;;;;;;;;;
2698;362;76;1157;778;102;97;14;11;101;0;;;;;;;;;;;;;;;;;;;;;;;
1671;157;53;619;509;74;84;13;10;145;7;;;;;;;;;;;;;;;;;;;;;;;
1143;55;82;512;255;44;63;13;8;75;36;;;;;;;;;;;;;;;;;;;;;;;
667;92;31;178;212;40;54;7;8;45;0;;;;;;;;;;;;;;;;;;;;;;;
375;36;29;140;98;21;27;3;3;10;8;;;;;;;;;;;;;;;;;;;;;;;
364;44;10;154;93;10;29;5;4;15;0;;;;;;;;;;;;;;;;;;;;;;;
1247;122;82;502;335;41;58;15;7;63;22;;;;;;;;;;;;;;;;;;;;;;;
830;85;20;225;338;56;35;9;5;57;0;;;;;;;;;;;;;;;;;;;;;;;
644;63;35;282;176;36;23;3;3;23;0;;;;;;;;;;;;;;;;;;;;;;;
1130;118;47;501;314;50;29;0;12;59;0;;;;;;;;;;;;;;;;;;;;;;;
1025;165;36;363;332;29;54;8;9;29;0;;;;;;;;;;;;;;;;;;;;;;;
466;70;21;157;128;14;34;10;7;25;0;;;;;;;;;;;;;;;;;;;;;;;
1256;216;25;377;463;48;49;7;3;67;1;;;;;;;;;;;;;;;;;;;;;;;
2658;319;49;848;941;155;142;12;22;170;0;;;;;;;;;;;;;;;;;;;;;;;
1380;192;118;503;328;52;52;16;6;81;32;;;;;;;;;;;;;;;;;;;;;;;
711;76;134;223;139;24;25;3;4;43;40;;;;;;;;;;;;;;;;;;;;;;;
4588;559;142;1482;1416;247;261;15;37;425;4;;;;;;;;;;;;;;;;;;;;;;;
2084;251;88;646;562;132;204;7;24;169;1;;;;;;;;;;;;;;;;;;;;;;;
961;178;49;298;249;58;75;3;9;39;3;;;;;;;;;;;;;;;;;;;;;;;
4594;704;173;1804;1150;178;184;13;21;366;1;;;;;;;;;;;;;;;;;;;;;;;
2865;389;101;987;788;122;143;7;14;312;2;;;;;;;;;;;;;;;;;;;;;;;
796;112;57;223;236;34;65;7;8;54;0;;;;;;;;;;;;;;;;;;;;;;;
796;63;63;289;160;24;92;11;5;29;60;;;;;;;;;;;;;;;;;;;;;;;
1311;188;57;451;397;64;59;9;8;72;6;;;;;;;;;;;;;;;;;;;;;;;
1633;182;30;649;537;70;47;4;5;109;0;;;;;;;;;;;;;;;;;;;;;;;
3119;367;99;914;1122;136;184;9;47;239;2;;;;;;;;;;;;;;;;;;;;;;;
770;164;38;194;218;42;49;2;5;58;0;;;;;;;;;;;;;;;;;;;;;;;
7455;672;462;3020;2023;293;315;74;64;418;114;;;;;;;;;;;;;;;;;;;;;;;
3489;529;136;954;1133;214;252;28;36;207;0;;;;;;;;;;;;;;;;;;;;;;;
2264;316;44;874;636;106;109;7;12;159;1;;;;;;;;;;;;;;;;;;;;;;;
53486;4314;1635;23079;14227;1877;3163;249;365;4536;41;;;;;;;;;;;;;;;;;;;;;;;
2836;290;109;1090;710;72;167;18;13;363;4;;;;;;;;;;;;;;;;;;;;;;;
1495;111;47;624;440;57;77;2;8;128;1;;;;;;;;;;;;;;;;;;;;;;;
910;118;35;377;226;21;30;0;8;95;0;;;;;;;;;;;;;;;;;;;;;;;
640;37;30;220;243;25;21;3;3;58;0;;;;;;;;;;;;;;;;;;;;;;;
363;45;13;85;129;18;27;2;2;42;0;;;;;;;;;;;;;;;;;;;;;;;
417;50;24;101;146;13;46;5;7;24;1;;;;;;;;;;;;;;;;;;;;;;;
2181;226;67;940;559;79;116;16;10;168;0;;;;;;;;;;;;;;;;;;;;;;;
1357;144;58;540;362;44;57;6;8;137;1;;;;;;;;;;;;;;;;;;;;;;;
2982;226;94;1300;756;73;145;11;15;339;23;;;;;;;;;;;;;;;;;;;;;;;
478;76;20;209;102;5;12;5;6;43;0;;;;;;;;;;;;;;;;;;;;;;;
252;22;6;82;89;21;15;3;0;14;0;;;;;;;;;;;;;;;;;;;;;;;
833;88;65;313;210;27;61;6;3;33;27;;;;;;;;;;;;;;;;;;;;;;;
1942;170;110;842;486;54;66;8;9;197;0;;;;;;;;;;;;;;;;;;;;;;;
1868;142;70;762;574;68;81;14;10;147;0;;;;;;;;;;;;;;;;;;;;;;;
793;144;40;335;198;19;19;5;3;30;0;;;;;;;;;;;;;;;;;;;;;;;
1345;74;55;552;373;44;59;2;5;181;0;;;;;;;;;;;;;;;;;;;;;;;
636;68;13;302;176;20;18;0;0;39;0;;;;;;;;;;;;;;;;;;;;;;;
743;103;34;328;192;18;22;7;4;35;0;;;;;;;;;;;;;;;;;;;;;;;
738;82;40;342;171;10;32;13;2;45;1;;;;;;;;;;;;;;;;;;;;;;;
1041;70;18;497;229;21;56;4;9;137;0;;;;;;;;;;;;;;;;;;;;;;;
9659;695;217;4503;2330;452;512;32;54;862;2;;;;;;;;;;;;;;;;;;;;;;;
473;46;12;227;109;21;22;3;5;28;0;;;;;;;;;;;;;;;;;;;;;;;
591;72;23;221;202;19;26;1;5;22;0;;;;;;;;;;;;;;;;;;;;;;;
12426;992;386;5589;2893;341;689;82;80;1361;13;;;;;;;;;;;;;;;;;;;;;;;
4073;403;121;1496;1224;141;273;21;31;363;0;;;;;;;;;;;;;;;;;;;;;;;
843;95;28;296;285;43;33;1;1;61;0;;;;;;;;;;;;;;;;;;;;;;;
306;43;18;125;62;9;23;4;5;17;0;;;;;;;;;;;;;;;;;;;;;;;
369;38;10;170;96;11;18;1;0;24;1;;;;;;;;;;;;;;;;;;;;;;;
1205;102;51;535;339;49;52;3;2;70;2;;;;;;;;;;;;;;;;;;;;;;;
1117;121;58;621;150;25;53;5;21;62;1;;;;;;;;;;;;;;;;;;;;;;;
468;55;20;161;141;17;47;3;2;22;0;;;;;;;;;;;;;;;;;;;;;;;
531;55;14;281;106;12;19;2;4;38;0;;;;;;;;;;;;;;;;;;;;;;;
1122;137;60;446;301;35;66;6;5;65;1;;;;;;;;;;;;;;;;;;;;;;;
476;63;31;154;158;21;9;4;5;30;1;;;;;;;;;;;;;;;;;;;;;;;
1123;82;61;448;323;46;65;4;3;83;8;;;;;;;;;;;;;;;;;;;;;;;
2179;199;114;1040;487;102;92;13;11;109;12;;;;;;;;;;;;;;;;;;;;;;;
2013;178;57;752;578;109;132;5;15;186;1;;;;;;;;;;;;;;;;;;;;;;;
924;54;31;444;248;26;25;3;3;90;0;;;;;;;;;;;;;;;;;;;;;;;
5568;503;190;2191;1570;223;403;20;34;431;3;;;;;;;;;;;;;;;;;;;;;;;
18887;1816;524;6494;5477;753;1448;132;242;1989;12;;;;;;;;;;;;;;;;;;;;;;;
241;42;11;94;53;3;9;2;1;26;0;;;;;;;;;;;;;;;;;;;;;;;
7930;765;201;2843;2261;374;481;39;47;915;4;;;;;;;;;;;;;;;;;;;;;;;
2197;251;69;627;750;117;144;16;29;192;2;;;;;;;;;;;;;;;;;;;;;;;
444;49;21;148;117;32;36;0;7;34;0;;;;;;;;;;;;;;;;;;;;;;;
965;96;40;257;270;43;80;6;9;163;1;;;;;;;;;;;;;;;;;;;;;;;
490;42;10;187;145;35;40;6;3;22;0;;;;;;;;;;;;;;;;;;;;;;;
5509;434;124;2400;1385;278;226;20;27;612;3;;;;;;;;;;;;;;;;;;;;;;;
2489;290;85;818;766;113;175;16;28;198;0;;;;;;;;;;;;;;;;;;;;;;;
205;14;18;50;58;14;16;0;1;34;0;;;;;;;;;;;;;;;;;;;;;;;
2751;226;85;862;852;163;162;10;35;356;0;;;;;;;;;;;;;;;;;;;;;;;
455;63;20;123;153;27;36;2;3;28;0;;;;;;;;;;;;;;;;;;;;;;;
24274;2546;823;7268;7780;1224;1883;227;294;2221;8;;;;;;;;;;;;;;;;;;;;;;;
1463;160;55;500;464;60;72;13;14;125;0;;;;;;;;;;;;;;;;;;;;;;;
205;29;3;26;80;13;16;1;1;36;0;;;;;;;;;;;;;;;;;;;;;;;
3015;248;84;883;871;193;172;4;39;520;1;;;;;;;;;;;;;;;;;;;;;;;
16752;1506;432;6306;4632;763;1129;110;193;1678;3;;;;;;;;;;;;;;;;;;;;;;;
2635;190;58;996;701;139;104;7;6;434;0;;;;;;;;;;;;;;;;;;;;;;;
619;74;21;226;175;24;30;2;3;64;0;;;;;;;;;;;;;;;;;;;;;;;
2028;184;87;621;569;108;157;25;26;249;2;;;;;;;;;;;;;;;;;;;;;;;
727;89;50;139;251;37;63;6;7;85;0;;;;;;;;;;;;;;;;;;;;;;;
594;83;23;151;181;26;35;8;5;46;36;;;;;;;;;;;;;;;;;;;;;;;
447;40;27;146;116;26;33;5;4;50;0;;;;;;;;;;;;;;;;;;;;;;;
2889;263;83;950;762;136;154;26;25;490;0;;;;;;;;;;;;;;;;;;;;;;;
7042;649;179;2515;2070;346;446;36;70;730;1;;;;;;;;;;;;;;;;;;;;;;;
2139;189;55;921;509;68;128;5;10;254;0;;;;;;;;;;;;;;;;;;;;;;;
34219;3080;1055;11201;11228;1276;2699;283;397;2975;25;;;;;;;;;;;;;;;;;;;;;;;
293;44;9;159;46;12;12;0;3;7;1;;;;;;;;;;;;;;;;;;;;;;;
362;36;20;87;135;8;22;2;2;48;2;;;;;;;;;;;;;;;;;;;;;;;
817;95;33;277;239;30;36;2;10;95;0;;;;;;;;;;;;;;;;;;;;;;;
2569;200;70;1241;578;81;90;8;18;278;5;;;;;;;;;;;;;;;;;;;;;;;
1101;113;21;494;358;15;32;5;5;47;11;;;;;;;;;;;;;;;;;;;;;;;
13573;988;465;5499;3923;521;1070;117;112;856;22;;;;;;;;;;;;;;;;;;;;;;;
903;90;30;464;217;11;28;1;5;57;0;;;;;;;;;;;;;;;;;;;;;;;
1171;107;48;401;362;55;63;4;10;119;2;;;;;;;;;;;;;;;;;;;;;;;
407;19;9;146;152;13;7;1;1;59;0;;;;;;;;;;;;;;;;;;;;;;;
98;9;4;47;28;2;1;1;1;5;0;;;;;;;;;;;;;;;;;;;;;;;
1092;138;44;387;360;40;42;0;3;77;1;;;;;;;;;;;;;;;;;;;;;;;
837;86;9;371;276;17;26;1;8;43;0;;;;;;;;;;;;;;;;;;;;;;;
317;25;5;137;104;9;16;2;1;18;0;;;;;;;;;;;;;;;;;;;;;;;
397;24;20;115;174;7;21;4;2;30;0;;;;;;;;;;;;;;;;;;;;;;;
1124;111;26;318;422;36;49;4;3;155;0;;;;;;;;;;;;;;;;;;;;;;;
431;85;13;144;146;3;18;0;0;21;1;;;;;;;;;;;;;;;;;;;;;;;
271;16;8;103;104;5;10;3;0;21;1;;;;;;;;;;;;;;;;;;;;;;;
1125;108;30;422;371;35;41;4;8;105;1;;;;;;;;;;;;;;;;;;;;;;;
1633;116;84;635;444;66;112;24;11;140;1;;;;;;;;;;;;;;;;;;;;;;;
1165;110;29;466;305;24;81;3;9;137;1;;;;;;;;;;;;;;;;;;;;;;;
136;11;6;49;52;1;11;2;0;4;0;;;;;;;;;;;;;;;;;;;;;;;
464;39;6;198;118;18;46;7;3;29;0;;;;;;;;;;;;;;;;;;;;;;;
630;41;16;137;241;48;57;3;7;80;0;;;;;;;;;;;;;;;;;;;;;;;
1754;167;63;824;401;46;76;8;5;164;0;;;;;;;;;;;;;;;;;;;;;;;
1240;117;47;542;361;45;34;9;8;73;4;;;;;;;;;;;;;;;;;;;;;;;
414;28;13;185;137;7;10;1;3;30;0;;;;;;;;;;;;;;;;;;;;;;;
246;23;17;102;59;6;4;1;2;29;3;;;;;;;;;;;;;;;;;;;;;;;
2599;239;93;1164;660;95;100;5;13;230;0;;;;;;;;;;;;;;;;;;;;;;;
160;8;8;28;82;7;7;0;2;18;0;;;;;;;;;;;;;;;;;;;;;;;
780;70;14;310;229;24;62;1;11;59;0;;;;;;;;;;;;;;;;;;;;;;;
486;53;30;154;172;24;15;2;3;32;1;;;;;;;;;;;;;;;;;;;;;;;
20214;1726;549;8433;5600;654;1360;141;158;1579;14;;;;;;;;;;;;;;;;;;;;;;;
372;23;9;138;143;12;13;0;4;30;0;;;;;;;;;;;;;;;;;;;;;;;
518;34;20;140;183;26;35;2;8;70;0;;;;;;;;;;;;;;;;;;;;;;;
12182;765;312;4768;3590;525;754;64;121;1277;6;;;;;;;;;;;;;;;;;;;;;;;
924;113;19;347;260;20;33;4;5;123;0;;;;;;;;;;;;;;;;;;;;;;;
707;48;8;228;238;35;27;3;13;107;0;;;;;;;;;;;;;;;;;;;;;;;
105;13;9;23;45;5;5;0;2;3;0;;;;;;;;;;;;;;;;;;;;;;;
197;13;12;72;53;1;27;0;5;13;1;;;;;;;;;;;;;;;;;;;;;;;
703;64;21;313;171;26;17;17;7;67;0;;;;;;;;;;;;;;;;;;;;;;;
435;28;17;131;164;22;13;2;0;58;0;;;;;;;;;;;;;;;;;;;;;;;
185;7;10;30;69;11;39;0;6;13;0;;;;;;;;;;;;;;;;;;;;;;;
98;8;2;54;20;3;3;0;0;8;0;;;;;;;;;;;;;;;;;;;;;;;
473;51;19;204;149;15;14;1;1;17;2;;;;;;;;;;;;;;;;;;;;;;;
1474;101;49;485;450;63;99;3;7;214;3;;;;;;;;;;;;;;;;;;;;;;;
470;29;17;220;114;19;48;0;0;23;0;;;;;;;;;;;;;;;;;;;;;;;
3344;228;101;1589;863;136;137;14;12;257;7;;;;;;;;;;;;;;;;;;;;;;;
1029;105;36;429;301;25;49;1;13;70;0;;;;;;;;;;;;;;;;;;;;;;;
464;44;22;98;195;28;23;1;4;49;0;;;;;;;;;;;;;;;;;;;;;;;
3733;288;71;1802;890;82;143;17;15;425;0;;;;;;;;;;;;;;;;;;;;;;;
69;6;6;18;22;1;6;1;3;6;0;;;;;;;;;;;;;;;;;;;;;;;
1825;194;79;659;547;43;82;10;8;202;1;;;;;;;;;;;;;;;;;;;;;;;
896;97;24;390;238;32;43;6;4;61;1;;;;;;;;;;;;;;;;;;;;;;;
925;59;21;259;336;56;33;7;3;151;0;;;;;;;;;;;;;;;;;;;;;;;
1058;115;38;259;403;54;60;11;5;113;0;;;;;;;;;;;;;;;;;;;;;;;
899;78;28;287;346;37;46;3;0;74;0;;;;;;;;;;;;;;;;;;;;;;;
159;13;8;40;70;6;7;1;0;14;0;;;;;;;;;;;;;;;;;;;;;;;
212;30;7;59;76;5;13;2;1;19;0;;;;;;;;;;;;;;;;;;;;;;;
170;11;11;33;57;12;20;2;2;21;1;;;;;;;;;;;;;;;;;;;;;;;
10491;949;341;3236;3377;431;817;69;93;1167;11;;;;;;;;;;;;;;;;;;;;;;;
824;43;26;267;321;26;28;1;8;104;0;;;;;;;;;;;;;;;;;;;;;;;
1168;160;65;268;411;61;88;7;16;92;0;;;;;;;;;;;;;;;;;;;;;;;
323;28;31;81;92;26;29;4;4;27;1;;;;;;;;;;;;;;;;;;;;;;;
1216;98;98;443;355;37;79;14;16;75;1;;;;;;;;;;;;;;;;;;;;;;;
528;54;47;107;186;23;50;6;22;29;4;;;;;;;;;;;;;;;;;;;;;;;
1952;117;95;672;546;129;149;9;12;221;2;;;;;;;;;;;;;;;;;;;;;;;
1587;193;41;518;523;50;70;11;18;160;3;;;;;;;;;;;;;;;;;;;;;;;
221;39;8;74;75;8;9;5;0;3;0;;;;;;;;;;;;;;;;;;;;;;;
6567;453;152;2515;1966;272;358;25;33;791;2;;;;;;;;;;;;;;;;;;;;;;;
398;38;22;128;116;10;14;2;4;64;0;;;;;;;;;;;;;;;;;;;;;;;
797;81;18;226;302;26;39;2;9;94;0;;;;;;;;;;;;;;;;;;;;;;;
248;32;14;85;78;4;11;2;16;6;0;;;;;;;;;;;;;;;;;;;;;;;
4408;318;101;2020;1319;150;139;18;27;316;0;;;;;;;;;;;;;;;;;;;;;;;
224;33;16;63;77;18;10;0;1;6;0;;;;;;;;;;;;;;;;;;;;;;;
221;17;6;80;60;16;27;0;1;14;0;;;;;;;;;;;;;;;;;;;;;;;
986;73;37;278;350;65;59;2;8;114;0;;;;;;;;;;;;;;;;;;;;;;;
3425;228;81;1529;936;125;174;15;22;315;0;;;;;;;;;;;;;;;;;;;;;;;
1561;104;39;707;352;62;43;3;9;242;0;;;;;;;;;;;;;;;;;;;;;;;
791;78;36;298;251;33;44;6;7;37;1;;;;;;;;;;;;;;;;;;;;;;;
299;27;8;102;86;14;12;2;7;39;2;;;;;;;;;;;;;;;;;;;;;;;
144;26;2;21;62;13;12;1;1;6;0;;;;;;;;;;;;;;;;;;;;;;;
666;70;27;234;199;33;30;5;5;63;0;;;;;;;;;;;;;;;;;;;;;;;
2988;243;54;1266;793;130;90;7;22;348;35;;;;;;;;;;;;;;;;;;;;;;;
324;37;8;118;114;10;13;2;1;21;0;;;;;;;;;;;;;;;;;;;;;;;
1384;163;24;594;371;29;42;5;5;150;1;;;;;;;;;;;;;;;;;;;;;;;
1771;173;38;848;484;34;63;3;9;118;1;;;;;;;;;;;;;;;;;;;;;;;
10525;936;593;3449;3010;382;1171;114;123;732;15;;;;;;;;;;;;;;;;;;;;;;;
445;33;18;109;140;13;84;6;5;37;0;;;;;;;;;;;;;;;;;;;;;;;
949;80;59;433;247;16;72;4;4;34;0;;;;;;;;;;;;;;;;;;;;;;;
489;46;26;204;129;11;43;4;4;22;0;;;;;;;;;;;;;;;;;;;;;;;
4306;401;203;1993;981;114;345;24;32;210;3;;;;;;;;;;;;;;;;;;;;;;;
1009;65;40;526;228;29;53;12;6;50;0;;;;;;;;;;;;;;;;;;;;;;;
620;54;43;342;131;17;25;1;1;5;1;;;;;;;;;;;;;;;;;;;;;;;
1279;137;74;618;279;35;86;2;7;41;0;;;;;;;;;;;;;;;;;;;;;;;
1543;156;85;565;408;40;103;6;11;169;0;;;;;;;;;;;;;;;;;;;;;;;
789;106;59;301;224;18;36;4;2;39;0;;;;;;;;;;;;;;;;;;;;;;;
808;77;53;346;168;19;62;12;3;68;0;;;;;;;;;;;;;;;;;;;;;;;
1641;107;84;846;341;46;117;8;8;83;1;;;;;;;;;;;;;;;;;;;;;;;
1482;116;101;601;340;35;72;19;12;183;3;;;;;;;;;;;;;;;;;;;;;;;
1143;108;42;620;198;24;78;6;5;62;0;;;;;;;;;;;;;;;;;;;;;;;
1917;172;108;810;532;68;126;17;8;76;0;;;;;;;;;;;;;;;;;;;;;;;
847;89;60;347;163;34;43;13;4;94;0;;;;;;;;;;;;;;;;;;;;;;;
3006;281;213;1114;696;115;224;30;9;324;0;;;;;;;;;;;;;;;;;;;;;;;
1128;113;68;404;289;36;92;16;9;99;2;;;;;;;;;;;;;;;;;;;;;;;
637;58;52;225;166;15;44;36;7;34;0;;;;;;;;;;;;;;;;;;;;;;;
3959;353;218;1764;948;102;219;29;17;309;0;;;;;;;;;;;;;;;;;;;;;;;
2750;184;140;1121;742;136;213;25;21;163;5;;;;;;;;;;;;;;;;;;;;;;;
1148;119;85;467;265;41;93;10;14;54;0;;;;;;;;;;;;;;;;;;;;;;;
2181;178;119;876;672;55;150;22;19;90;0;;;;;;;;;;;;;;;;;;;;;;;
1603;146;120;641;397;49;109;13;9;119;0;;;;;;;;;;;;;;;;;;;;;;;
2783;186;140;1252;716;95;132;8;7;247;0;;;;;;;;;;;;;;;;;;;;;;;
463;47;43;97;157;21;55;10;7;26;0;;;;;;;;;;;;;;;;;;;;;;;
21960;2388;873;5919;7426;958;2204;260;284;1627;21;;;;;;;;;;;;;;;;;;;;;;;
631;81;11;221;182;23;38;5;3;67;0;;;;;;;;;;;;;;;;;;;;;;;
521;68;31;172;158;17;31;5;7;32;0;;;;;;;;;;;;;;;;;;;;;;;
888;30;37;472;210;16;61;7;1;54;0;;;;;;;;;;;;;;;;;;;;;;;
499;62;25;147;156;31;30;4;1;43;0;;;;;;;;;;;;;;;;;;;;;;;
912;93;27;307;304;23;68;12;5;73;0;;;;;;;;;;;;;;;;;;;;;;;
920;84;68;309;317;33;55;12;15;27;0;;;;;;;;;;;;;;;;;;;;;;;
861;106;41;251;280;28;63;6;9;77;0;;;;;;;;;;;;;;;;;;;;;;;
438;51;22;122;145;10;51;11;4;21;1;;;;;;;;;;;;;;;;;;;;;;;
173;23;14;37;58;7;20;2;5;7;0;;;;;;;;;;;;;;;;;;;;;;;
2529;330;140;888;721;93;148;25;21;161;2;;;;;;;;;;;;;;;;;;;;;;;
421;49;35;110;145;17;42;8;0;15;0;;;;;;;;;;;;;;;;;;;;;;;
308;42;36;67;97;8;33;12;5;7;1;;;;;;;;;;;;;;;;;;;;;;;
755;92;17;309;178;33;48;2;7;67;2;;;;;;;;;;;;;;;;;;;;;;;
388;45;10;112;122;14;31;10;6;38;0;;;;;;;;;;;;;;;;;;;;;;;
2679;278;135;764;856;76;352;35;30;150;3;;;;;;;;;;;;;;;;;;;;;;;
701;59;29;291;173;33;40;4;6;66;0;;;;;;;;;;;;;;;;;;;;;;;
945;132;49;219;312;18;120;13;8;73;1;;;;;;;;;;;;;;;;;;;;;;;
1716;166;53;605;405;97;93;10;29;255;3;;;;;;;;;;;;;;;;;;;;;;;
1934;204;122;499;723;57;171;27;17;113;1;;;;;;;;;;;;;;;;;;;;;;;
187;26;14;40;59;8;17;3;4;16;0;;;;;;;;;;;;;;;;;;;;;;;
2097;209;69;672;726;81;168;16;9;145;2;;;;;;;;;;;;;;;;;;;;;;;
1128;137;37;451;295;44;76;5;5;78;0;;;;;;;;;;;;;;;;;;;;;;;
1590;140;53;467;531;75;143;19;7;153;2;;;;;;;;;;;;;;;;;;;;;;;
3732;379;127;1329;1096;172;191;25;24;386;3;;;;;;;;;;;;;;;;;;;;;;;
2738;307;119;809;946;121;140;22;18;256;0;;;;;;;;;;;;;;;;;;;;;;;
968;104;57;256;298;50;100;9;19;71;4;;;;;;;;;;;;;;;;;;;;;;;
239;22;17;90;70;12;10;2;1;15;0;;;;;;;;;;;;;;;;;;;;;;;
1222;144;62;420;391;32;78;6;8;80;1;;;;;;;;;;;;;;;;;;;;;;;
2528;311;156;843;805;108;146;16;17;124;2;;;;;;;;;;;;;;;;;;;;;;;
1337;134;74;466;401;51;63;6;4;137;1;;;;;;;;;;;;;;;;;;;;;;;
714;115;33;226;257;13;34;3;1;31;1;;;;;;;;;;;;;;;;;;;;;;;
1517;170;76;555;376;73;111;17;8;131;0;;;;;;;;;;;;;;;;;;;;;;;
940;85;37;338;279;35;68;6;8;84;0;;;;;;;;;;;;;;;;;;;;;;;
4010;326;121;1549;1120;109;206;19;33;522;5;;;;;;;;;;;;;;;;;;;;;;;
1307;152;57;541;318;52;47;10;7;123;0;;;;;;;;;;;;;;;;;;;;;;;
375;41;16;159;96;21;20;1;3;17;1;;;;;;;;;;;;;;;;;;;;;;;
998;113;48;210;329;34;145;6;7;106;0;;;;;;;;;;;;;;;;;;;;;;;
1610;131;100;581;500;54;100;15;17;112;0;;;;;;;;;;;;;;;;;;;;;;;
1133;113;62;406;350;54;40;9;0;99;0;;;;;;;;;;;;;;;;;;;;;;;
1453;154;49;544;395;52;88;14;11;146;0;;;;;;;;;;;;;;;;;;;;;;;
336;43;17;92;121;20;19;0;2;22;0;;;;;;;;;;;;;;;;;;;;;;;
244;43;22;76;59;8;24;2;0;10;0;;;;;;;;;;;;;;;;;;;;;;;
254;34;34;76;65;4;20;6;2;13;0;;;;;;;;;;;;;;;;;;;;;;;
783;104;49;231;261;32;48;6;5;42;5;;;;;;;;;;;;;;;;;;;;;;;
1170;102;43;394;345;69;60;3;6;148;0;;;;;;;;;;;;;;;;;;;;;;;
611;37;18;142;241;30;54;4;5;80;0;;;;;;;;;;;;;;;;;;;;;;;
176227;16224;4211;79842;44047;6893;11144;982;1334;11279;271;;;;;;;;;;;;;;;;;;;;;;;
2058;169;57;796;550;103;146;4;6;227;0;;;;;;;;;;;;;;;;;;;;;;;
485;54;33;84;171;28;62;10;13;29;1;;;;;;;;;;;;;;;;;;;;;;;
2296;145;55;1263;490;44;90;10;29;165;5;;;;;;;;;;;;;;;;;;;;;;;
802;88;35;396;165;29;23;5;1;58;2;;;;;;;;;;;;;;;;;;;;;;;
525;59;30;124;166;19;63;6;10;47;1;;;;;;;;;;;;;;;;;;;;;;;
19019;1476;915;7906;5192;723;952;134;152;1471;98;;;;;;;;;;;;;;;;;;;;;;;
11177;1015;270;4333;2740;368;886;58;68;1428;11;;;;;;;;;;;;;;;;;;;;;;;
2289;231;62;719;711;149;212;21;16;168;0;;;;;;;;;;;;;;;;;;;;;;;
3851;444;106;1336;1122;159;215;27;29;408;5;;;;;;;;;;;;;;;;;;;;;;;
2078;211;45;879;486;113;126;15;22;178;3;;;;;;;;;;;;;;;;;;;;;;;
4315;459;177;1486;1096;239;349;49;48;386;26;;;;;;;;;;;;;;;;;;;;;;;
15919;1422;334;5812;4585;656;1158;57;125;1754;16;;;;;;;;;;;;;;;;;;;;;;;
4764;559;160;2107;1162;190;239;18;28;293;8;;;;;;;;;;;;;;;;;;;;;;;
1258;138;57;517;314;58;42;8;4;119;1;;;;;;;;;;;;;;;;;;;;;;;
862;105;26;383;178;24;37;3;7;98;1;;;;;;;;;;;;;;;;;;;;;;;
2833;299;135;891;848;158;253;35;39;173;2;;;;;;;;;;;;;;;;;;;;;;;
1025;111;40;306;336;70;65;3;13;81;0;;;;;;;;;;;;;;;;;;;;;;;
2867;428;144;944;853;117;212;27;27;114;1;;;;;;;;;;;;;;;;;;;;;;;
895;117;33;302;261;34;48;11;8;81;0;;;;;;;;;;;;;;;;;;;;;;;
1323;138;71;315;420;74;144;8;29;122;2;;;;;;;;;;;;;;;;;;;;;;;
7413;662;240;3287;1835;396;432;57;59;435;10;;;;;;;;;;;;;;;;;;;;;;;
3189;267;73;1730;601;123;115;8;17;255;0;;;;;;;;;;;;;;;;;;;;;;;
4241;316;79;2099;987;130;244;18;38;328;2;;;;;;;;;;;;;;;;;;;;;;;
1224;120;40;313;494;78;98;10;10;61;0;;;;;;;;;;;;;;;;;;;;;;;
2628;156;34;1246;511;140;128;10;10;388;5;;;;;;;;;;;;;;;;;;;;;;;
13088;1433;460;4124;4004;558;1264;118;198;925;4;;;;;;;;;;;;;;;;;;;;;;;
4574;464;174;1851;1119;247;361;22;43;285;8;;;;;;;;;;;;;;;;;;;;;;;
2050;227;34;888;476;52;84;11;20;258;0;;;;;;;;;;;;;;;;;;;;;;;
1277;135;40;386;396;77;82;2;13;146;0;;;;;;;;;;;;;;;;;;;;;;;
2590;320;98;853;761;83;174;21;23;254;3;;;;;;;;;;;;;;;;;;;;;;;
1063;80;45;285;326;63;109;8;27;120;0;;;;;;;;;;;;;;;;;;;;;;;
4721;545;108;1734;1297;193;236;27;36;544;1;;;;;;;;;;;;;;;;;;;;;;;
1186;91;30;509;336;60;67;8;9;76;0;;;;;;;;;;;;;;;;;;;;;;;
2354;251;54;999;663;106;108;8;7;155;3;;;;;;;;;;;;;;;;;;;;;;;
14156;1619;429;4386;4568;693;1138;92;114;1114;3;;;;;;;;;;;;;;;;;;;;;;;
526;70;24;234;119;9;29;1;4;36;0;;;;;;;;;;;;;;;;;;;;;;;
442;74;23;130;147;24;36;1;1;6;0;;;;;;;;;;;;;;;;;;;;;;;
1347;155;42;733;289;24;41;4;6;53;0;;;;;;;;;;;;;;;;;;;;;;;
2044;171;50;804;480;114;112;15;17;280;1;;;;;;;;;;;;;;;;;;;;;;;
5776;585;207;1838;1671;377;608;49;74;344;23;;;;;;;;;;;;;;;;;;;;;;;
3656;334;126;1380;1050;149;261;19;32;301;4;;;;;;;;;;;;;;;;;;;;;;;
3709;331;184;1366;1047;170;269;32;34;274;2;;;;;;;;;;;;;;;;;;;;;;;
3840;293;164;1628;1023;154;180;19;12;367;0;;;;;;;;;;;;;;;;;;;;;;;
221;29;13;101;47;18;6;3;0;4;0;;;;;;;;;;;;;;;;;;;;;;;
1407;132;51;664;349;49;55;7;19;78;3;;;;;;;;;;;;;;;;;;;;;;;
99;12;12;29;25;6;11;1;1;2;0;;;;;;;;;;;;;;;;;;;;;;;
5125;371;175;2566;1199;182;202;29;28;372;1;;;;;;;;;;;;;;;;;;;;;;;
2788;247;138;1225;746;98;129;15;12;174;4;;;;;;;;;;;;;;;;;;;;;;;
7688;707;356;2550;2138;446;677;80;67;661;6;;;;;;;;;;;;;;;;;;;;;;;
2187;171;87;846;550;105;172;9;17;230;0;;;;;;;;;;;;;;;;;;;;;;;
216;28;9;95;51;11;7;1;3;11;0;;;;;;;;;;;;;;;;;;;;;;;
884;81;61;433;175;31;37;6;5;48;7;;;;;;;;;;;;;;;;;;;;;;;
135;15;8;57;37;2;5;0;0;11;0;;;;;;;;;;;;;;;;;;;;;;;
712;58;23;290;172;22;56;10;3;78;0;;;;;;;;;;;;;;;;;;;;;;;
1286;122;80;508;372;48;67;15;8;65;1;;;;;;;;;;;;;;;;;;;;;;;
854;99;50;350;207;46;44;9;6;43;0;;;;;;;;;;;;;;;;;;;;;;;
469;51;26;145;131;31;40;2;1;42;0;;;;;;;;;;;;;;;;;;;;;;;
1573;164;100;639;401;58;111;19;12;67;2;;;;;;;;;;;;;;;;;;;;;;;
1337;135;63;628;291;56;65;2;3;91;3;;;;;;;;;;;;;;;;;;;;;;;
362;25;9;171;99;22;21;0;0;15;0;;;;;;;;;;;;;;;;;;;;;;;
146;19;6;28;49;7;24;1;2;10;0;;;;;;;;;;;;;;;;;;;;;;;
108;13;6;25;29;11;9;1;0;14;0;;;;;;;;;;;;;;;;;;;;;;;
194;21;30;39;48;6;28;2;4;16;0;;;;;;;;;;;;;;;;;;;;;;;
390;38;11;114;139;21;22;2;8;34;1;;;;;;;;;;;;;;;;;;;;;;;
674;67;63;199;174;44;72;7;12;34;2;;;;;;;;;;;;;;;;;;;;;;;
373;53;33;102;103;19;34;4;6;18;1;;;;;;;;;;;;;;;;;;;;;;;
1599;143;74;551;457;102;136;3;7;124;2;;;;;;;;;;;;;;;;;;;;;;;
3885;514;167;1396;1072;192;255;28;27;232;2;;;;;;;;;;;;;;;;;;;;;;;
1176;149;32;640;247;46;32;3;1;25;1;;;;;;;;;;;;;;;;;;;;;;;
3356;353;132;1405;883;167;175;21;22;197;1;;;;;;;;;;;;;;;;;;;;;;;
5546;561;203;2319;1357;237;267;50;36;440;76;;;;;;;;;;;;;;;;;;;;;;;
909;107;41;333;266;52;44;9;6;47;4;;;;;;;;;;;;;;;;;;;;;;;
1826;145;117;863;417;101;49;7;5;106;16;;;;;;;;;;;;;;;;;;;;;;;
786;78;94;320;166;35;46;10;11;17;9;;;;;;;;;;;;;;;;;;;;;;;
2568;271;63;1099;700;116;119;10;7;183;0;;;;;;;;;;;;;;;;;;;;;;;
1216;126;25;419;373;54;62;10;11;136;0;;;;;;;;;;;;;;;;;;;;;;;
1810;176;63;791;408;86;68;36;7;175;0;;;;;;;;;;;;;;;;;;;;;;;
1079;124;29;473;319;44;36;6;3;45;0;;;;;;;;;;;;;;;;;;;;;;;
2528;255;96;1058;617;141;144;14;10;191;2;;;;;;;;;;;;;;;;;;;;;;;
2377;255;97;1154;471;123;85;11;16;164;1;;;;;;;;;;;;;;;;;;;;;;;
565;58;44;144;184;23;57;15;11;29;0;;;;;;;;;;;;;;;;;;;;;;;
70;6;3;6;29;3;18;1;2;2;0;;;;;;;;;;;;;;;;;;;;;;;
1301;129;91;496;332;54;68;18;8;86;19;;;;;;;;;;;;;;;;;;;;;;;
138;17;12;41;40;7;6;1;1;7;6;;;;;;;;;;;;;;;;;;;;;;;
212;12;10;50;79;14;16;1;1;22;7;;;;;;;;;;;;;;;;;;;;;;;
142;16;17;52;34;7;3;1;0;6;6;;;;;;;;;;;;;;;;;;;;;;;
17;4;2;4;4;2;0;0;0;1;0;;;;;;;;;;;;;;;;;;;;;;;
75;8;4;32;9;5;2;1;0;10;4;;;;;;;;;;;;;;;;;;;;;;;
116;14;5;38;35;8;5;0;1;6;4;;;;;;;;;;;;;;;;;;;;;;;
115;9;10;56;23;4;7;1;0;1;4;;;;;;;;;;;;;;;;;;;;;;;
212;30;11;78;48;9;11;10;2;11;2;;;;;;;;;;;;;;;;;;;;;;;
119;9;8;48;38;3;3;0;4;6;0;;;;;;;;;;;;;;;;;;;;;;;
111;5;12;45;28;8;7;1;0;4;1;;;;;;;;;;;;;;;;;;;;;;;
1193;102;77;643;208;32;44;11;6;61;9;;;;;;;;;;;;;;;;;;;;;;;
179;25;25;78;25;5;3;1;1;5;11;;;;;;;;;;;;;;;;;;;;;;;
8;1;3;1;1;0;0;0;0;0;2;;;;;;;;;;;;;;;;;;;;;;;
18;0;2;5;6;2;1;1;0;0;1;;;;;;;;;;;;;;;;;;;;;;;
97;3;2;35;33;3;7;0;0;10;4;;;;;;;;;;;;;;;;;;;;;;;
29;1;2;18;3;1;3;0;0;1;0;;;;;;;;;;;;;;;;;;;;;;;
122;13;7;54;18;10;3;0;1;8;8;;;;;;;;;;;;;;;;;;;;;;;
38;9;5;10;8;0;0;0;1;5;0;;;;;;;;;;;;;;;;;;;;;;;
3230;343;176;1349;761;157;167;22;20;221;14;;;;;;;;;;;;;;;;;;;;;;;
555;46;35;230;150;31;22;3;6;26;6;;;;;;;;;;;;;;;;;;;;;;;
1036;101;54;447;277;41;42;3;4;56;11;;;;;;;;;;;;;;;;;;;;;;;
491;56;23;269;74;23;8;0;1;15;22;;;;;;;;;;;;;;;;;;;;;;;
1402;138;98;588;281;105;34;16;9;82;51;;;;;;;;;;;;;;;;;;;;;;;
197;25;15;66;50;9;2;2;1;15;12;;;;;;;;;;;;;;;;;;;;;;;
120;10;18;40;32;4;1;3;1;5;6;;;;;;;;;;;;;;;;;;;;;;;
22;2;2;5;6;3;0;1;0;1;2;;;;;;;;;;;;;;;;;;;;;;;
10;1;0;3;2;0;1;0;0;1;2;;;;;;;;;;;;;;;;;;;;;;;
35;2;4;17;7;3;0;0;0;1;1;;;;;;;;;;;;;;;;;;;;;;;
741;78;39;282;188;34;41;7;9;52;11;;;;;;;;;;;;;;;;;;;;;;;
441;59;27;224;74;11;18;3;4;21;0;;;;;;;;;;;;;;;;;;;;;;;
167;15;11;71;42;4;9;4;3;8;0;;;;;;;;;;;;;;;;;;;;;;;
1060;100;63;371;195;42;23;11;7;44;204;;;;;;;;;;;;;;;;;;;;;;;
